pwm,scenario,sample,mm_per_ms
0,left_on_table,0,0.00000
0,left_on_table,1,0.00000
0,left_on_table,2,0.00000
0,left_on_table,3,0.00000
0,left_on_table,4,0.00000
0,left_on_table,5,0.00000
0,left_on_table,6,0.00000
0,left_on_table,7,0.00000
0,left_on_table,8,0.00000
0,left_on_table,9,0.00000
0,left_on_table,10,0.00000
0,left_on_table,11,0.00000
0,left_on_table,12,0.00000
0,left_on_table,13,0.00000
0,left_on_table,14,0.00000
0,left_on_table,15,0.00000
0,left_on_table,16,0.00000
0,left_on_table,17,0.00000
0,left_on_table,18,0.00000
0,left_on_table,19,0.00000
0,left_on_table,20,0.00000
0,left_on_table,21,0.00000
0,left_on_table,22,0.00000
0,left_on_table,23,0.00000
0,left_on_table,24,0.00000
0,left_on_table,25,0.00000
0,left_on_table,26,0.00000
0,left_on_table,27,0.00000
0,left_on_table,28,0.00000
0,left_on_table,29,0.00000
0,left_on_table,30,0.00000
0,left_on_table,31,0.00000
0,left_on_table,32,0.00000
0,left_on_table,33,0.00000
0,left_on_table,34,0.00000
0,left_on_table,35,0.00000
0,left_on_table,36,0.00000
0,left_on_table,37,0.00000
0,left_on_table,38,0.00000
0,left_on_table,39,0.00000
0,left_on_table,40,0.00000
0,left_on_table,41,0.00000
0,left_on_table,42,0.00000
0,left_on_table,43,0.00000
0,left_on_table,44,0.00000
10,left_on_table,0,0.00000
10,left_on_table,1,0.00000
10,left_on_table,2,0.03000
10,left_on_table,3,0.00000
10,left_on_table,4,0.00000
10,left_on_table,5,0.00000
10,left_on_table,6,0.00000
10,left_on_table,7,0.00000
10,left_on_table,8,0.00000
10,left_on_table,9,0.00000
10,left_on_table,10,0.00000
10,left_on_table,11,0.00000
10,left_on_table,12,0.00000
10,left_on_table,13,0.00000
10,left_on_table,14,0.00000
10,left_on_table,15,0.00000
10,left_on_table,16,0.00000
10,left_on_table,17,0.00000
10,left_on_table,18,0.00000
10,left_on_table,19,0.00000
10,left_on_table,20,0.00000
10,left_on_table,21,0.00000
10,left_on_table,22,0.00000
10,left_on_table,23,0.00000
10,left_on_table,24,0.00000
10,left_on_table,25,0.00000
10,left_on_table,26,0.00000
10,left_on_table,27,0.00000
10,left_on_table,28,0.00000
10,left_on_table,29,0.00000
10,left_on_table,30,0.00000
10,left_on_table,31,0.00000
10,left_on_table,32,0.00000
10,left_on_table,33,0.00000
10,left_on_table,34,0.00000
10,left_on_table,35,0.00000
10,left_on_table,36,0.00000
10,left_on_table,37,0.00000
10,left_on_table,38,0.00000
10,left_on_table,39,0.00000
10,left_on_table,40,0.00000
10,left_on_table,41,0.00000
10,left_on_table,42,0.00000
10,left_on_table,43,0.00000
10,left_on_table,44,0.00000
20,left_on_table,0,0.08000
20,left_on_table,1,0.05000
20,left_on_table,2,0.08000
20,left_on_table,3,0.08000
20,left_on_table,4,0.05000
20,left_on_table,5,0.08000
20,left_on_table,6,0.08000
20,left_on_table,7,0.08000
20,left_on_table,8,0.08000
20,left_on_table,9,0.08000
20,left_on_table,10,0.08000
20,left_on_table,11,0.08000
20,left_on_table,12,0.05000
20,left_on_table,13,0.08000
20,left_on_table,14,0.08000
20,left_on_table,15,0.08000
20,left_on_table,16,0.05000
20,left_on_table,17,0.11000
20,left_on_table,18,0.08000
20,left_on_table,19,0.05000
20,left_on_table,20,0.08000
20,left_on_table,21,0.08000
20,left_on_table,22,0.08000
20,left_on_table,23,0.08000
20,left_on_table,24,0.08000
20,left_on_table,25,0.08000
20,left_on_table,26,0.07000
20,left_on_table,27,0.08000
20,left_on_table,28,0.08000
20,left_on_table,29,0.05000
20,left_on_table,30,0.08000
20,left_on_table,31,0.08000
20,left_on_table,32,0.08000
20,left_on_table,33,0.05000
20,left_on_table,34,0.08000
20,left_on_table,35,0.08000
20,left_on_table,36,0.05000
20,left_on_table,37,0.08000
20,left_on_table,38,0.08000
20,left_on_table,39,0.05000
20,left_on_table,40,0.08000
20,left_on_table,41,0.08000
20,left_on_table,42,0.05000
20,left_on_table,43,0.08000
20,left_on_table,44,0.08000
30,left_on_table,0,0.11000
30,left_on_table,1,0.13000
30,left_on_table,2,0.13000
30,left_on_table,3,0.11000
30,left_on_table,4,0.13000
30,left_on_table,5,0.13000
30,left_on_table,6,0.16000
30,left_on_table,7,0.11000
30,left_on_table,8,0.13000
30,left_on_table,9,0.16000
30,left_on_table,10,0.13000
30,left_on_table,11,0.13000
30,left_on_table,12,0.13000
30,left_on_table,13,0.13000
30,left_on_table,14,0.14000
30,left_on_table,15,0.13000
30,left_on_table,16,0.13000
30,left_on_table,17,0.13000
30,left_on_table,18,0.13000
30,left_on_table,19,0.13000
30,left_on_table,20,0.16000
30,left_on_table,21,0.13000
30,left_on_table,22,0.13000
30,left_on_table,23,0.13000
30,left_on_table,24,0.13000
30,left_on_table,25,0.16000
30,left_on_table,26,0.11000
30,left_on_table,27,0.16000
30,left_on_table,28,0.13000
30,left_on_table,29,0.13000
30,left_on_table,30,0.13000
30,left_on_table,31,0.13000
30,left_on_table,32,0.13000
30,left_on_table,33,0.16000
30,left_on_table,34,0.13000
30,left_on_table,35,0.13000
30,left_on_table,36,0.13000
30,left_on_table,37,0.13000
30,left_on_table,38,0.13000
30,left_on_table,39,0.13000
30,left_on_table,40,0.16000
30,left_on_table,41,0.13000
30,left_on_table,42,0.13000
30,left_on_table,43,0.13000
30,left_on_table,44,0.16000
40,left_on_table,0,0.18000
40,left_on_table,1,0.21000
40,left_on_table,2,0.18000
40,left_on_table,3,0.18000
40,left_on_table,4,0.21000
40,left_on_table,5,0.21000
40,left_on_table,6,0.18000
40,left_on_table,7,0.21000
40,left_on_table,8,0.21000
40,left_on_table,9,0.21000
40,left_on_table,10,0.18000
40,left_on_table,11,0.21000
40,left_on_table,12,0.21000
40,left_on_table,13,0.21000
40,left_on_table,14,0.18000
40,left_on_table,15,0.24000
40,left_on_table,16,0.21000
40,left_on_table,17,0.21000
40,left_on_table,18,0.18000
40,left_on_table,19,0.21000
40,left_on_table,20,0.21000
40,left_on_table,21,0.24000
40,left_on_table,22,0.18000
40,left_on_table,23,0.21000
40,left_on_table,24,0.21000
40,left_on_table,25,0.21000
40,left_on_table,26,0.21000
40,left_on_table,27,0.21000
40,left_on_table,28,0.21000
40,left_on_table,29,0.24000
40,left_on_table,30,0.18000
40,left_on_table,31,0.21000
40,left_on_table,32,0.21000
40,left_on_table,33,0.21000
40,left_on_table,34,0.18000
40,left_on_table,35,0.24000
40,left_on_table,36,0.21000
40,left_on_table,37,0.19000
40,left_on_table,38,0.21000
40,left_on_table,39,0.21000
40,left_on_table,40,0.21000
40,left_on_table,41,0.18000
40,left_on_table,42,0.21000
40,left_on_table,43,0.24000
40,left_on_table,44,0.21000
50,left_on_table,0,0.24000
50,left_on_table,1,0.26000
50,left_on_table,2,0.26000
50,left_on_table,3,0.26000
50,left_on_table,4,0.26000
50,left_on_table,5,0.29000
50,left_on_table,6,0.26000
50,left_on_table,7,0.29000
50,left_on_table,8,0.29000
50,left_on_table,9,0.26000
50,left_on_table,10,0.26000
50,left_on_table,11,0.29000
50,left_on_table,12,0.29000
50,left_on_table,13,0.26000
50,left_on_table,14,0.26000
50,left_on_table,15,0.26000
50,left_on_table,16,0.29000
50,left_on_table,17,0.26000
50,left_on_table,18,0.26000
50,left_on_table,19,0.26000
50,left_on_table,20,0.29000
50,left_on_table,21,0.29000
50,left_on_table,22,0.24000
50,left_on_table,23,0.26000
50,left_on_table,24,0.29000
50,left_on_table,25,0.27000
50,left_on_table,26,0.29000
50,left_on_table,27,0.26000
50,left_on_table,28,0.26000
50,left_on_table,29,0.26000
50,left_on_table,30,0.26000
50,left_on_table,31,0.26000
50,left_on_table,32,0.29000
50,left_on_table,33,0.24000
50,left_on_table,34,0.26000
50,left_on_table,35,0.26000
50,left_on_table,36,0.29000
50,left_on_table,37,0.24000
50,left_on_table,38,0.29000
50,left_on_table,39,0.26000
50,left_on_table,40,0.29000
50,left_on_table,41,0.24000
50,left_on_table,42,0.29000
50,left_on_table,43,0.26000
50,left_on_table,44,0.29000
60,left_on_table,0,0.32000
60,left_on_table,1,0.34000
60,left_on_table,2,0.29000
60,left_on_table,3,0.34000
60,left_on_table,4,0.34000
60,left_on_table,5,0.34000
60,left_on_table,6,0.32000
60,left_on_table,7,0.34000
60,left_on_table,8,0.34000
60,left_on_table,9,0.34000
60,left_on_table,10,0.32000
60,left_on_table,11,0.34000
60,left_on_table,12,0.34000
60,left_on_table,13,0.34000
60,left_on_table,14,0.29000
60,left_on_table,15,0.34000
60,left_on_table,16,0.34000
60,left_on_table,17,0.31000
60,left_on_table,18,0.34000
60,left_on_table,19,0.37000
60,left_on_table,20,0.34000
60,left_on_table,21,0.32000
60,left_on_table,22,0.34000
60,left_on_table,23,0.34000
60,left_on_table,24,0.34000
60,left_on_table,25,0.32000
60,left_on_table,26,0.34000
60,left_on_table,27,0.34000
60,left_on_table,28,0.34000
60,left_on_table,29,0.32000
60,left_on_table,30,0.34000
60,left_on_table,31,0.34000
60,left_on_table,32,0.34000
60,left_on_table,33,0.29000
60,left_on_table,34,0.34000
60,left_on_table,35,0.34000
60,left_on_table,36,0.34000
60,left_on_table,37,0.29000
60,left_on_table,38,0.34000
60,left_on_table,39,0.32000
60,left_on_table,40,0.34000
60,left_on_table,41,0.29000
60,left_on_table,42,0.34000
60,left_on_table,43,0.34000
60,left_on_table,44,0.32000
70,left_on_table,0,0.37000
70,left_on_table,1,0.39000
70,left_on_table,2,0.37000
70,left_on_table,3,0.39000
70,left_on_table,4,0.39000
70,left_on_table,5,0.39000
70,left_on_table,6,0.37000
70,left_on_table,7,0.39000
70,left_on_table,8,0.39000
70,left_on_table,9,0.39000
70,left_on_table,10,0.39000
70,left_on_table,11,0.39000
70,left_on_table,12,0.39000
70,left_on_table,13,0.37000
70,left_on_table,14,0.39000
70,left_on_table,15,0.42000
70,left_on_table,16,0.39000
70,left_on_table,17,0.37000
70,left_on_table,18,0.39000
70,left_on_table,19,0.42000
70,left_on_table,20,0.39000
70,left_on_table,21,0.37000
70,left_on_table,22,0.42000
70,left_on_table,23,0.39000
70,left_on_table,24,0.42000
70,left_on_table,25,0.37000
70,left_on_table,26,0.42000
70,left_on_table,27,0.39000
70,left_on_table,28,0.42000
70,left_on_table,29,0.37000
70,left_on_table,30,0.39000
70,left_on_table,31,0.42000
70,left_on_table,32,0.42000
70,left_on_table,33,0.37000
70,left_on_table,34,0.39000
70,left_on_table,35,0.39000
70,left_on_table,36,0.42000
70,left_on_table,37,0.37000
70,left_on_table,38,0.39000
70,left_on_table,39,0.42000
70,left_on_table,40,0.37000
70,left_on_table,41,0.39000
70,left_on_table,42,0.42000
70,left_on_table,43,0.39000
70,left_on_table,44,0.37000
80,left_on_table,0,0.42000
80,left_on_table,1,0.43000
80,left_on_table,2,0.47000
80,left_on_table,3,0.45000
80,left_on_table,4,0.45000
80,left_on_table,5,0.42000
80,left_on_table,6,0.47000
80,left_on_table,7,0.47000
80,left_on_table,8,0.45000
80,left_on_table,9,0.42000
80,left_on_table,10,0.47000
80,left_on_table,11,0.47000
80,left_on_table,12,0.45000
80,left_on_table,13,0.42000
80,left_on_table,14,0.47000
80,left_on_table,15,0.47000
80,left_on_table,16,0.45000
80,left_on_table,17,0.42000
80,left_on_table,18,0.47000
80,left_on_table,19,0.47000
80,left_on_table,20,0.47000
80,left_on_table,21,0.42000
80,left_on_table,22,0.47000
80,left_on_table,23,0.47000
80,left_on_table,24,0.47000
80,left_on_table,25,0.42000
80,left_on_table,26,0.47000
80,left_on_table,27,0.47000
80,left_on_table,28,0.47000
80,left_on_table,29,0.42000
80,left_on_table,30,0.47000
80,left_on_table,31,0.47000
80,left_on_table,32,0.45000
80,left_on_table,33,0.47000
80,left_on_table,34,0.47000
80,left_on_table,35,0.47000
80,left_on_table,36,0.42000
80,left_on_table,37,0.47000
80,left_on_table,38,0.47000
80,left_on_table,39,0.47000
80,left_on_table,40,0.45000
80,left_on_table,41,0.47000
80,left_on_table,42,0.47000
80,left_on_table,43,0.45000
80,left_on_table,44,0.45000
90,left_on_table,0,0.50000
90,left_on_table,1,0.50000
90,left_on_table,2,0.53000
90,left_on_table,3,0.53000
90,left_on_table,4,0.53000
90,left_on_table,5,0.47000
90,left_on_table,6,0.55000
90,left_on_table,7,0.53000
90,left_on_table,8,0.53000
90,left_on_table,9,0.47000
90,left_on_table,10,0.53000
90,left_on_table,11,0.53000
90,left_on_table,12,0.53000
90,left_on_table,13,0.50000
90,left_on_table,14,0.53000
90,left_on_table,15,0.55000
90,left_on_table,16,0.53000
90,left_on_table,17,0.50000
90,left_on_table,18,0.53000
90,left_on_table,19,0.53000
90,left_on_table,20,0.53000
90,left_on_table,21,0.50000
90,left_on_table,22,0.55000
90,left_on_table,23,0.53000
90,left_on_table,24,0.51000
90,left_on_table,25,0.53000
90,left_on_table,26,0.55000
90,left_on_table,27,0.53000
90,left_on_table,28,0.50000
90,left_on_table,29,0.53000
90,left_on_table,30,0.55000
90,left_on_table,31,0.53000
90,left_on_table,32,0.47000
90,left_on_table,33,0.55000
90,left_on_table,34,0.53000
90,left_on_table,35,0.55000
90,left_on_table,36,0.47000
90,left_on_table,37,0.55000
90,left_on_table,38,0.53000
90,left_on_table,39,0.55000
90,left_on_table,40,0.50000
90,left_on_table,41,0.53000
90,left_on_table,42,0.55000
90,left_on_table,43,0.53000
90,left_on_table,44,0.47000
100,left_on_table,0,0.58000
100,left_on_table,1,0.53000
100,left_on_table,2,0.60000
100,left_on_table,3,0.58000
100,left_on_table,4,0.60000
100,left_on_table,5,0.55000
100,left_on_table,6,0.58000
100,left_on_table,7,0.60000
100,left_on_table,8,0.60000
100,left_on_table,9,0.53000
100,left_on_table,10,0.58000
100,left_on_table,11,0.58000
100,left_on_table,12,0.60000
100,left_on_table,13,0.53000
100,left_on_table,14,0.60000
100,left_on_table,15,0.58000
100,left_on_table,16,0.53000
100,left_on_table,17,0.60000
100,left_on_table,18,0.60000
100,left_on_table,19,0.60000
100,left_on_table,20,0.55000
100,left_on_table,21,0.58000
100,left_on_table,22,0.60000
100,left_on_table,23,0.58000
100,left_on_table,24,0.55000
100,left_on_table,25,0.60000
100,left_on_table,26,0.60000
100,left_on_table,27,0.60000
100,left_on_table,28,0.53000
100,left_on_table,29,0.60000
100,left_on_table,30,0.60000
100,left_on_table,31,0.60000
100,left_on_table,32,0.53000
100,left_on_table,33,0.60000
100,left_on_table,34,0.58000
100,left_on_table,35,0.58000
100,left_on_table,36,0.53000
100,left_on_table,37,0.60000
100,left_on_table,38,0.58000
100,left_on_table,39,0.58000
100,left_on_table,40,0.55000
100,left_on_table,41,0.58000
100,left_on_table,42,0.60000
100,left_on_table,43,0.60000
100,left_on_table,44,0.53000
110,left_on_table,0,0.63000
110,left_on_table,1,0.58000
110,left_on_table,2,0.68000
110,left_on_table,3,0.68000
110,left_on_table,4,0.66000
110,left_on_table,5,0.60000
110,left_on_table,6,0.68000
110,left_on_table,7,0.66000
110,left_on_table,8,0.63000
110,left_on_table,9,0.66000
110,left_on_table,10,0.68000
110,left_on_table,11,0.68000
110,left_on_table,12,0.60000
110,left_on_table,13,0.68000
110,left_on_table,14,0.66000
110,left_on_table,15,0.68000
110,left_on_table,16,0.60000
110,left_on_table,17,0.66000
110,left_on_table,18,0.68000
110,left_on_table,19,0.66000
110,left_on_table,20,0.60000
110,left_on_table,21,0.66000
110,left_on_table,22,0.66000
110,left_on_table,23,0.66000
110,left_on_table,24,0.60000
110,left_on_table,25,0.66000
110,left_on_table,26,0.68000
110,left_on_table,27,0.66000
110,left_on_table,28,0.63000
110,left_on_table,29,0.66000
110,left_on_table,30,0.66000
110,left_on_table,31,0.66000
110,left_on_table,32,0.60000
110,left_on_table,33,0.68000
110,left_on_table,34,0.66000
110,left_on_table,35,0.66000
110,left_on_table,36,0.63000
110,left_on_table,37,0.66000
110,left_on_table,38,0.66000
110,left_on_table,39,0.63000
110,left_on_table,40,0.68000
110,left_on_table,41,0.66000
110,left_on_table,42,0.68000
110,left_on_table,43,0.60000
110,left_on_table,44,0.68000
120,left_on_table,0,0.63000
120,left_on_table,1,0.76000
120,left_on_table,2,0.74000
120,left_on_table,3,0.74000
120,left_on_table,4,0.66000
120,left_on_table,5,0.74000
120,left_on_table,6,0.74000
120,left_on_table,7,0.74000
120,left_on_table,8,0.66000
120,left_on_table,9,0.74000
120,left_on_table,10,0.74000
120,left_on_table,11,0.74000
120,left_on_table,12,0.68000
120,left_on_table,13,0.74000
120,left_on_table,14,0.74000
120,left_on_table,15,0.74000
120,left_on_table,16,0.68000
120,left_on_table,17,0.74000
120,left_on_table,18,0.74000
120,left_on_table,19,0.74000
120,left_on_table,20,0.68000
120,left_on_table,21,0.74000
120,left_on_table,22,0.74000
120,left_on_table,23,0.74000
120,left_on_table,24,0.68000
120,left_on_table,25,0.74000
120,left_on_table,26,0.76000
120,left_on_table,27,0.74000
120,left_on_table,28,0.68000
120,left_on_table,29,0.74000
120,left_on_table,30,0.74000
120,left_on_table,31,0.68000
120,left_on_table,32,0.74000
120,left_on_table,33,0.76000
120,left_on_table,34,0.74000
120,left_on_table,35,0.66000
120,left_on_table,36,0.74000
120,left_on_table,37,0.76000
120,left_on_table,38,0.74000
120,left_on_table,39,0.66000
120,left_on_table,40,0.74000
120,left_on_table,41,0.74000
120,left_on_table,42,0.74000
120,left_on_table,43,0.68000
120,left_on_table,44,0.74000
130,left_on_table,0,0.68000
130,left_on_table,1,0.82000
130,left_on_table,2,0.79000
130,left_on_table,3,0.82000
130,left_on_table,4,0.74000
130,left_on_table,5,0.79000
130,left_on_table,6,0.82000
130,left_on_table,7,0.82000
130,left_on_table,8,0.71000
130,left_on_table,9,0.82000
130,left_on_table,10,0.82000
130,left_on_table,11,0.79000
130,left_on_table,12,0.74000
130,left_on_table,13,0.79000
130,left_on_table,14,0.82000
130,left_on_table,15,0.82000
130,left_on_table,16,0.71000
130,left_on_table,17,0.82000
130,left_on_table,18,0.79000
130,left_on_table,19,0.82000
130,left_on_table,20,0.74000
130,left_on_table,21,0.82000
130,left_on_table,22,0.79000
130,left_on_table,23,0.79000
130,left_on_table,24,0.74000
130,left_on_table,25,0.79000
130,left_on_table,26,0.82000
130,left_on_table,27,0.74000
130,left_on_table,28,0.79000
130,left_on_table,29,0.82000
130,left_on_table,30,0.79000
130,left_on_table,31,0.74000
130,left_on_table,32,0.82000
130,left_on_table,33,0.82000
130,left_on_table,34,0.79000
130,left_on_table,35,0.74000
130,left_on_table,36,0.82000
130,left_on_table,37,0.82000
130,left_on_table,38,0.79000
130,left_on_table,39,0.74000
130,left_on_table,40,0.82000
130,left_on_table,41,0.79000
130,left_on_table,42,0.82000
130,left_on_table,43,0.74000
130,left_on_table,44,0.82000
140,left_on_table,0,0.74000
140,left_on_table,1,0.87000
140,left_on_table,2,0.89000
140,left_on_table,3,0.87000
140,left_on_table,4,0.79000
140,left_on_table,5,0.87000
140,left_on_table,6,0.87000
140,left_on_table,7,0.87000
140,left_on_table,8,0.79000
140,left_on_table,9,0.89000
140,left_on_table,10,0.87000
140,left_on_table,11,0.87000
140,left_on_table,12,0.79000
140,left_on_table,13,0.87000
140,left_on_table,14,0.87000
140,left_on_table,15,0.87000
140,left_on_table,16,0.79000
140,left_on_table,17,0.87000
140,left_on_table,18,0.89000
140,left_on_table,19,0.79000
140,left_on_table,20,0.87000
140,left_on_table,21,0.87000
140,left_on_table,22,0.87000
140,left_on_table,23,0.79000
140,left_on_table,24,0.87000
140,left_on_table,25,0.89000
140,left_on_table,26,0.87000
140,left_on_table,27,0.79000
140,left_on_table,28,0.87000
140,left_on_table,29,0.87000
140,left_on_table,30,0.87000
140,left_on_table,31,0.79000
140,left_on_table,32,0.87000
140,left_on_table,33,0.87000
140,left_on_table,34,0.89000
140,left_on_table,35,0.79000
140,left_on_table,36,0.87000
140,left_on_table,37,0.87000
140,left_on_table,38,0.87000
140,left_on_table,39,0.79000
140,left_on_table,40,0.89000
140,left_on_table,41,0.87000
140,left_on_table,42,0.87000
140,left_on_table,43,0.79000
140,left_on_table,44,0.87000
150,left_on_table,0,0.82000
150,left_on_table,1,0.92000
150,left_on_table,2,0.95000
150,left_on_table,3,0.95000
150,left_on_table,4,0.87000
150,left_on_table,5,0.92000
150,left_on_table,6,0.95000
150,left_on_table,7,0.95000
150,left_on_table,8,0.84000
150,left_on_table,9,0.95000
150,left_on_table,10,0.95000
150,left_on_table,11,0.87000
150,left_on_table,12,0.95000
150,left_on_table,13,0.95000
150,left_on_table,14,0.95000
150,left_on_table,15,0.87000
150,left_on_table,16,0.95000
150,left_on_table,17,0.95000
150,left_on_table,18,0.95000
150,left_on_table,19,0.84000
150,left_on_table,20,0.95000
150,left_on_table,21,0.95000
150,left_on_table,22,0.95000
150,left_on_table,23,0.87000
150,left_on_table,24,0.95000
150,left_on_table,25,0.95000
150,left_on_table,26,0.95000
150,left_on_table,27,0.87000
150,left_on_table,28,0.95000
150,left_on_table,29,0.95000
150,left_on_table,30,0.92000
150,left_on_table,31,0.87000
150,left_on_table,32,0.95000
150,left_on_table,33,0.95000
150,left_on_table,34,0.95000
150,left_on_table,35,0.84000
150,left_on_table,36,0.95000
150,left_on_table,37,0.95000
150,left_on_table,38,0.95000
150,left_on_table,39,0.87000
150,left_on_table,40,0.95000
150,left_on_table,41,0.95000
150,left_on_table,42,0.87000
150,left_on_table,43,0.95000
150,left_on_table,44,0.95000
160,left_on_table,0,0.87000
160,left_on_table,1,1.00000
160,left_on_table,2,1.03000
160,left_on_table,3,0.92000
160,left_on_table,4,1.00000
160,left_on_table,5,1.00000
160,left_on_table,6,1.03000
160,left_on_table,7,0.92000
160,left_on_table,8,1.03000
160,left_on_table,9,1.00000
160,left_on_table,10,1.03000
160,left_on_table,11,0.95000
160,left_on_table,12,1.00000
160,left_on_table,13,1.03000
160,left_on_table,14,1.03000
160,left_on_table,15,0.92000
160,left_on_table,16,1.03000
160,left_on_table,17,1.00000
160,left_on_table,18,1.03000
160,left_on_table,19,0.95000
160,left_on_table,20,1.00000
160,left_on_table,21,1.03000
160,left_on_table,22,1.03000
160,left_on_table,23,0.92000
160,left_on_table,24,1.00000
160,left_on_table,25,1.03000
160,left_on_table,26,1.03000
160,left_on_table,27,0.92000
160,left_on_table,28,1.03000
160,left_on_table,29,1.00000
160,left_on_table,30,1.03000
160,left_on_table,31,0.92000
160,left_on_table,32,1.03000
160,left_on_table,33,1.00000
160,left_on_table,34,0.94000
160,left_on_table,35,1.03000
160,left_on_table,36,1.03000
160,left_on_table,37,1.03000
160,left_on_table,38,0.92000
160,left_on_table,39,1.03000
160,left_on_table,40,1.00000
160,left_on_table,41,1.03000
160,left_on_table,42,0.92000
160,left_on_table,43,1.03000
160,left_on_table,44,1.00000
170,left_on_table,0,1.03000
170,left_on_table,1,1.08000
170,left_on_table,2,1.08000
170,left_on_table,3,0.97000
170,left_on_table,4,1.10000
170,left_on_table,5,1.08000
170,left_on_table,6,1.10000
170,left_on_table,7,0.97000
170,left_on_table,8,1.10000
170,left_on_table,9,1.10000
170,left_on_table,10,1.08000
170,left_on_table,11,1.00000
170,left_on_table,12,1.08000
170,left_on_table,13,1.08000
170,left_on_table,14,1.08000
170,left_on_table,15,1.00000
170,left_on_table,16,1.08000
170,left_on_table,17,1.08000
170,left_on_table,18,1.08000
170,left_on_table,19,1.00000
170,left_on_table,20,1.08000
170,left_on_table,21,1.08000
170,left_on_table,22,0.99000
170,left_on_table,23,1.08000
170,left_on_table,24,1.08000
170,left_on_table,25,1.10000
170,left_on_table,26,0.97000
170,left_on_table,27,1.08000
170,left_on_table,28,1.10000
170,left_on_table,29,1.08000
170,left_on_table,30,1.00000
170,left_on_table,31,1.08000
170,left_on_table,32,1.08000
170,left_on_table,33,1.10000
170,left_on_table,34,0.97000
170,left_on_table,35,1.10000
170,left_on_table,36,1.08000
170,left_on_table,37,1.08000
170,left_on_table,38,0.97000
170,left_on_table,39,1.10000
170,left_on_table,40,1.08000
170,left_on_table,41,1.08000
170,left_on_table,42,1.00000
170,left_on_table,43,1.08000
170,left_on_table,44,1.08000
180,left_on_table,0,1.08000
180,left_on_table,1,1.16000
180,left_on_table,2,1.16000
180,left_on_table,3,1.05000
180,left_on_table,4,1.16000
180,left_on_table,5,1.16000
180,left_on_table,6,1.16000
180,left_on_table,7,1.05000
180,left_on_table,8,1.18000
180,left_on_table,9,1.16000
180,left_on_table,10,1.06000
180,left_on_table,11,1.16000
180,left_on_table,12,1.16000
180,left_on_table,13,1.18000
180,left_on_table,14,1.05000
180,left_on_table,15,1.16000
180,left_on_table,16,1.16000
180,left_on_table,17,1.16000
180,left_on_table,18,1.05000
180,left_on_table,19,1.16000
180,left_on_table,20,1.18000
180,left_on_table,21,1.16000
180,left_on_table,22,1.05000
180,left_on_table,23,1.16000
180,left_on_table,24,1.18000
180,left_on_table,25,1.16000
180,left_on_table,26,1.05000
180,left_on_table,27,1.16000
180,left_on_table,28,1.16000
180,left_on_table,29,1.16000
180,left_on_table,30,1.05000
180,left_on_table,31,1.18000
180,left_on_table,32,1.16000
180,left_on_table,33,1.16000
180,left_on_table,34,1.05000
180,left_on_table,35,1.16000
180,left_on_table,36,1.16000
180,left_on_table,37,1.18000
180,left_on_table,38,1.05000
180,left_on_table,39,1.16000
180,left_on_table,40,1.16000
180,left_on_table,41,1.06000
180,left_on_table,42,1.18000
180,left_on_table,43,1.16000
180,left_on_table,44,1.16000
190,left_on_table,0,1.13000
190,left_on_table,1,1.21000
190,left_on_table,2,1.10000
190,left_on_table,3,1.24000
190,left_on_table,4,1.21000
190,left_on_table,5,1.21000
190,left_on_table,6,1.10000
190,left_on_table,7,1.24000
190,left_on_table,8,1.21000
190,left_on_table,9,1.21000
190,left_on_table,10,1.13000
190,left_on_table,11,1.21000
190,left_on_table,12,1.24000
190,left_on_table,13,1.21000
190,left_on_table,14,1.13000
190,left_on_table,15,1.21000
190,left_on_table,16,1.24000
190,left_on_table,17,1.21000
190,left_on_table,18,1.13000
190,left_on_table,19,1.21000
190,left_on_table,20,1.21000
190,left_on_table,21,1.24000
190,left_on_table,22,1.10000
190,left_on_table,23,1.21000
190,left_on_table,24,1.21000
190,left_on_table,25,1.21000
190,left_on_table,26,1.10000
190,left_on_table,27,1.24000
190,left_on_table,28,1.21000
190,left_on_table,29,1.24000
190,left_on_table,30,1.10000
190,left_on_table,31,1.21000
190,left_on_table,32,1.21000
190,left_on_table,33,1.13000
190,left_on_table,34,1.24000
190,left_on_table,35,1.21000
190,left_on_table,36,1.24000
190,left_on_table,37,1.10000
190,left_on_table,38,1.21000
190,left_on_table,39,1.24000
190,left_on_table,40,1.21000
190,left_on_table,41,1.10000
190,left_on_table,42,1.24000
190,left_on_table,43,1.21000
190,left_on_table,44,1.24000
200,left_on_table,0,1.18000
200,left_on_table,1,1.29000
200,left_on_table,2,1.18000
200,left_on_table,3,1.29000
200,left_on_table,4,1.26000
200,left_on_table,5,1.29000
200,left_on_table,6,1.18000
200,left_on_table,7,1.26000
200,left_on_table,8,1.29000
200,left_on_table,9,1.26000
200,left_on_table,10,1.18000
200,left_on_table,11,1.26000
200,left_on_table,12,1.29000
200,left_on_table,13,1.26000
200,left_on_table,14,1.18000
200,left_on_table,15,1.26000
200,left_on_table,16,1.29000
200,left_on_table,17,1.29000
200,left_on_table,18,1.16000
200,left_on_table,19,1.26000
200,left_on_table,20,1.29000
200,left_on_table,21,1.18000
200,left_on_table,22,1.29000
200,left_on_table,23,1.29000
200,left_on_table,24,1.29000
200,left_on_table,25,1.16000
200,left_on_table,26,1.29000
200,left_on_table,27,1.29000
200,left_on_table,28,1.29000
200,left_on_table,29,1.16000
200,left_on_table,30,1.29000
200,left_on_table,31,1.29000
200,left_on_table,32,1.29000
200,left_on_table,33,1.16000
200,left_on_table,34,1.29000
200,left_on_table,35,1.29000
200,left_on_table,36,1.29000
200,left_on_table,37,1.16000
200,left_on_table,38,1.29000
200,left_on_table,39,1.26000
200,left_on_table,40,1.29000
200,left_on_table,41,1.18000
200,left_on_table,42,1.26000
200,left_on_table,43,1.29000
200,left_on_table,44,1.29000
210,left_on_table,0,1.26000
210,left_on_table,1,1.32000
210,left_on_table,2,1.21000
210,left_on_table,3,1.34000
210,left_on_table,4,1.32000
210,left_on_table,5,1.34000
210,left_on_table,6,1.24000
210,left_on_table,7,1.34000
210,left_on_table,8,1.32000
210,left_on_table,9,1.34000
210,left_on_table,10,1.21000
210,left_on_table,11,1.34000
210,left_on_table,12,1.34000
210,left_on_table,13,1.23000
210,left_on_table,14,1.34000
210,left_on_table,15,1.34000
210,left_on_table,16,1.32000
210,left_on_table,17,1.21000
210,left_on_table,18,1.34000
210,left_on_table,19,1.34000
210,left_on_table,20,1.32000
210,left_on_table,21,1.21000
210,left_on_table,22,1.34000
210,left_on_table,23,1.32000
210,left_on_table,24,1.34000
210,left_on_table,25,1.21000
210,left_on_table,26,1.34000
210,left_on_table,27,1.34000
210,left_on_table,28,1.32000
210,left_on_table,29,1.24000
210,left_on_table,30,1.32000
210,left_on_table,31,1.34000
210,left_on_table,32,1.34000
210,left_on_table,33,1.21000
210,left_on_table,34,1.34000
210,left_on_table,35,1.32000
210,left_on_table,36,1.34000
210,left_on_table,37,1.21000
210,left_on_table,38,1.32000
210,left_on_table,39,1.34000
210,left_on_table,40,1.32000
210,left_on_table,41,1.21000
210,left_on_table,42,1.34000
210,left_on_table,43,1.34000
210,left_on_table,44,1.21000
220,left_on_table,0,1.29000
220,left_on_table,1,1.39000
220,left_on_table,2,1.26000
220,left_on_table,3,1.39000
220,left_on_table,4,1.37000
220,left_on_table,5,1.28000
220,left_on_table,6,1.39000
220,left_on_table,7,1.37000
220,left_on_table,8,1.39000
220,left_on_table,9,1.26000
220,left_on_table,10,1.39000
220,left_on_table,11,1.39000
220,left_on_table,12,1.37000
220,left_on_table,13,1.26000
220,left_on_table,14,1.39000
220,left_on_table,15,1.39000
220,left_on_table,16,1.39000
220,left_on_table,17,1.26000
220,left_on_table,18,1.39000
220,left_on_table,19,1.37000
220,left_on_table,20,1.39000
220,left_on_table,21,1.26000
220,left_on_table,22,1.37000
220,left_on_table,23,1.39000
220,left_on_table,24,1.39000
220,left_on_table,25,1.26000
220,left_on_table,26,1.39000
220,left_on_table,27,1.37000
220,left_on_table,28,1.39000
220,left_on_table,29,1.26000
220,left_on_table,30,1.39000
220,left_on_table,31,1.39000
220,left_on_table,32,1.39000
220,left_on_table,33,1.26000
220,left_on_table,34,1.37000
220,left_on_table,35,1.39000
220,left_on_table,36,1.26000
220,left_on_table,37,1.39000
220,left_on_table,38,1.39000
220,left_on_table,39,1.37000
220,left_on_table,40,1.26000
220,left_on_table,41,1.39000
220,left_on_table,42,1.37000
220,left_on_table,43,1.39000
220,left_on_table,44,1.26000
230,left_on_table,0,1.34000
230,left_on_table,1,1.34000
230,left_on_table,2,1.42000
230,left_on_table,3,1.45000
230,left_on_table,4,1.45000
230,left_on_table,5,1.32000
230,left_on_table,6,1.45000
230,left_on_table,7,1.47000
230,left_on_table,8,1.45000
230,left_on_table,9,1.32000
230,left_on_table,10,1.47000
230,left_on_table,11,1.45000
230,left_on_table,12,1.45000
230,left_on_table,13,1.34000
230,left_on_table,14,1.45000
230,left_on_table,15,1.47000
230,left_on_table,16,1.47000
230,left_on_table,17,1.34000
230,left_on_table,18,1.47000
230,left_on_table,19,1.47000
230,left_on_table,20,1.45000
230,left_on_table,21,1.34000
230,left_on_table,22,1.45000
230,left_on_table,23,1.47000
230,left_on_table,24,1.47000
230,left_on_table,25,1.32000
230,left_on_table,26,1.47000
230,left_on_table,27,1.42000
230,left_on_table,28,1.35000
230,left_on_table,29,1.45000
230,left_on_table,30,1.47000
230,left_on_table,31,1.45000
230,left_on_table,32,1.34000
230,left_on_table,33,1.47000
230,left_on_table,34,1.47000
230,left_on_table,35,1.47000
230,left_on_table,36,1.32000
230,left_on_table,37,1.47000
230,left_on_table,38,1.47000
230,left_on_table,39,1.47000
230,left_on_table,40,1.34000
230,left_on_table,41,1.45000
230,left_on_table,42,1.45000
230,left_on_table,43,1.47000
230,left_on_table,44,1.32000
240,left_on_table,0,1.42000
240,left_on_table,1,1.37000
240,left_on_table,2,1.50000
240,left_on_table,3,1.50000
240,left_on_table,4,1.50000
240,left_on_table,5,1.34000
240,left_on_table,6,1.53000
240,left_on_table,7,1.50000
240,left_on_table,8,1.50000
240,left_on_table,9,1.37000
240,left_on_table,10,1.50000
240,left_on_table,11,1.53000
240,left_on_table,12,1.50000
240,left_on_table,13,1.37000
240,left_on_table,14,1.50000
240,left_on_table,15,1.50000
240,left_on_table,16,1.50000
240,left_on_table,17,1.37000
240,left_on_table,18,1.50000
240,left_on_table,19,1.50000
240,left_on_table,20,1.37000
240,left_on_table,21,1.50000
240,left_on_table,22,1.50000
240,left_on_table,23,1.53000
240,left_on_table,24,1.37000
240,left_on_table,25,1.50000
240,left_on_table,26,1.50000
240,left_on_table,27,1.53000
240,left_on_table,28,1.37000
240,left_on_table,29,1.50000
240,left_on_table,30,1.50000
240,left_on_table,31,1.53000
240,left_on_table,32,1.37000
240,left_on_table,33,1.50000
240,left_on_table,34,1.50000
240,left_on_table,35,1.53000
240,left_on_table,36,1.37000
240,left_on_table,37,1.50000
240,left_on_table,38,1.50000
240,left_on_table,39,1.53000
240,left_on_table,40,1.37000
240,left_on_table,41,1.50000
240,left_on_table,42,1.50000
240,left_on_table,43,1.50000
240,left_on_table,44,1.37000
0,left_plus_500g,0,0
0,left_plus_500g,1,0
0,left_plus_500g,2,0
0,left_plus_500g,3,0
0,left_plus_500g,4,0
0,left_plus_500g,5,0
0,left_plus_500g,6,0
0,left_plus_500g,7,0
0,left_plus_500g,8,0
0,left_plus_500g,9,0
0,left_plus_500g,10,0
0,left_plus_500g,11,0
0,left_plus_500g,12,0
0,left_plus_500g,13,0
0,left_plus_500g,14,0
0,left_plus_500g,15,0
0,left_plus_500g,16,0
0,left_plus_500g,17,0
0,left_plus_500g,18,0
0,left_plus_500g,19,0
0,left_plus_500g,20,0
0,left_plus_500g,21,0
0,left_plus_500g,22,0
0,left_plus_500g,23,0
0,left_plus_500g,24,0
0,left_plus_500g,25,0
0,left_plus_500g,26,0
0,left_plus_500g,27,0
0,left_plus_500g,28,0
0,left_plus_500g,29,0
0,left_plus_500g,30,0
0,left_plus_500g,31,0
0,left_plus_500g,32,0
0,left_plus_500g,33,0
0,left_plus_500g,34,0
0,left_plus_500g,35,0
0,left_plus_500g,36,0
0,left_plus_500g,37,0
0,left_plus_500g,38,0
0,left_plus_500g,39,0
0,left_plus_500g,40,0
0,left_plus_500g,41,0
0,left_plus_500g,42,0
0,left_plus_500g,43,0
0,left_plus_500g,44,0
10,left_plus_500g,0,0
10,left_plus_500g,1,0
10,left_plus_500g,2,0
10,left_plus_500g,3,0
10,left_plus_500g,4,0
10,left_plus_500g,5,0
10,left_plus_500g,6,0
10,left_plus_500g,7,0
10,left_plus_500g,8,0
10,left_plus_500g,9,0
10,left_plus_500g,10,0
10,left_plus_500g,11,0
10,left_plus_500g,12,0
10,left_plus_500g,13,0
10,left_plus_500g,14,0
10,left_plus_500g,15,0
10,left_plus_500g,16,0
10,left_plus_500g,17,0
10,left_plus_500g,18,0
10,left_plus_500g,19,0
10,left_plus_500g,20,0
10,left_plus_500g,21,0
10,left_plus_500g,22,0
10,left_plus_500g,23,0
10,left_plus_500g,24,0
10,left_plus_500g,25,0
10,left_plus_500g,26,0
10,left_plus_500g,27,0
10,left_plus_500g,28,0
10,left_plus_500g,29,0
10,left_plus_500g,30,0
10,left_plus_500g,31,0
10,left_plus_500g,32,0
10,left_plus_500g,33,0
10,left_plus_500g,34,0
10,left_plus_500g,35,0
10,left_plus_500g,36,0
10,left_plus_500g,37,0
10,left_plus_500g,38,0
10,left_plus_500g,39,0
10,left_plus_500g,40,0
10,left_plus_500g,41,0
10,left_plus_500g,42,0
10,left_plus_500g,43,0
10,left_plus_500g,44,0
20,left_plus_500g,0,0
20,left_plus_500g,1,0
20,left_plus_500g,2,0
20,left_plus_500g,3,0
20,left_plus_500g,4,0
20,left_plus_500g,5,0
20,left_plus_500g,6,0
20,left_plus_500g,7,0
20,left_plus_500g,8,0
20,left_plus_500g,9,0
20,left_plus_500g,10,0
20,left_plus_500g,11,0
20,left_plus_500g,12,0
20,left_plus_500g,13,0
20,left_plus_500g,14,0
20,left_plus_500g,15,0
20,left_plus_500g,16,0
20,left_plus_500g,17,0
20,left_plus_500g,18,0
20,left_plus_500g,19,0
20,left_plus_500g,20,0
20,left_plus_500g,21,0
20,left_plus_500g,22,0
20,left_plus_500g,23,0
20,left_plus_500g,24,0
20,left_plus_500g,25,0
20,left_plus_500g,26,0
20,left_plus_500g,27,0
20,left_plus_500g,28,0
20,left_plus_500g,29,0
20,left_plus_500g,30,0
20,left_plus_500g,31,0
20,left_plus_500g,32,0
20,left_plus_500g,33,0
20,left_plus_500g,34,0
20,left_plus_500g,35,0
20,left_plus_500g,36,0
20,left_plus_500g,37,0
20,left_plus_500g,38,0
20,left_plus_500g,39,0
20,left_plus_500g,40,0
20,left_plus_500g,41,0
20,left_plus_500g,42,0
20,left_plus_500g,43,0
20,left_plus_500g,44,0
30,left_plus_500g,0,0.05
30,left_plus_500g,1,0.03
30,left_plus_500g,2,0.05
30,left_plus_500g,3,0.05
30,left_plus_500g,4,0.05
30,left_plus_500g,5,0.05
30,left_plus_500g,6,0.05
30,left_plus_500g,7,0.05
30,left_plus_500g,8,0.03
30,left_plus_500g,9,0.05
30,left_plus_500g,10,0.05
30,left_plus_500g,11,0.03
30,left_plus_500g,12,0.05
30,left_plus_500g,13,0.05
30,left_plus_500g,14,0.05
30,left_plus_500g,15,0.05
30,left_plus_500g,16,0.05
30,left_plus_500g,17,0.05
30,left_plus_500g,18,0.05
30,left_plus_500g,19,0.05
30,left_plus_500g,20,0.08
30,left_plus_500g,21,0.05
30,left_plus_500g,22,0.05
30,left_plus_500g,23,0.08
30,left_plus_500g,24,0.05
30,left_plus_500g,25,0.05
30,left_plus_500g,26,0.05
30,left_plus_500g,27,0.05
30,left_plus_500g,28,0.03
30,left_plus_500g,29,0.03
30,left_plus_500g,30,0.03
30,left_plus_500g,31,0.05
30,left_plus_500g,32,0.03
30,left_plus_500g,33,0.03
30,left_plus_500g,34,0.03
30,left_plus_500g,35,0.03
30,left_plus_500g,36,0.03
30,left_plus_500g,37,0.03
30,left_plus_500g,38,0.03
30,left_plus_500g,39,0.03
30,left_plus_500g,40,0.03
30,left_plus_500g,41,0.03
30,left_plus_500g,42,0.05
30,left_plus_500g,43,0.03
30,left_plus_500g,44,0.03
40,left_plus_500g,0,0.11
40,left_plus_500g,1,0.11
40,left_plus_500g,2,0.11
40,left_plus_500g,3,0.08
40,left_plus_500g,4,0.11
40,left_plus_500g,5,0.11
40,left_plus_500g,6,0.11
40,left_plus_500g,7,0.11
40,left_plus_500g,8,0.11
40,left_plus_500g,9,0.11
40,left_plus_500g,10,0.11
40,left_plus_500g,11,0.13
40,left_plus_500g,12,0.11
40,left_plus_500g,13,0.13
40,left_plus_500g,14,0.13
40,left_plus_500g,15,0.11
40,left_plus_500g,16,0.11
40,left_plus_500g,17,0.13
40,left_plus_500g,18,0.11
40,left_plus_500g,19,0.11
40,left_plus_500g,20,0.11
40,left_plus_500g,21,0.13
40,left_plus_500g,22,0.11
40,left_plus_500g,23,0.11
40,left_plus_500g,24,0.11
40,left_plus_500g,25,0.13
40,left_plus_500g,26,0.11
40,left_plus_500g,27,0.11
40,left_plus_500g,28,0.11
40,left_plus_500g,29,0.11
40,left_plus_500g,30,0.11
40,left_plus_500g,31,0.11
40,left_plus_500g,32,0.11
40,left_plus_500g,33,0.11
40,left_plus_500g,34,0.08
40,left_plus_500g,35,0.11
40,left_plus_500g,36,0.11
40,left_plus_500g,37,0.07
40,left_plus_500g,38,0.11
40,left_plus_500g,39,0.11
40,left_plus_500g,40,0.11
40,left_plus_500g,41,0.08
40,left_plus_500g,42,0.11
40,left_plus_500g,43,0.11
40,left_plus_500g,44,0.13
50,left_plus_500g,0,0.16
50,left_plus_500g,1,0.18
50,left_plus_500g,2,0.16
50,left_plus_500g,3,0.16
50,left_plus_500g,4,0.18
50,left_plus_500g,5,0.18
50,left_plus_500g,6,0.16
50,left_plus_500g,7,0.18
50,left_plus_500g,8,0.18
50,left_plus_500g,9,0.18
50,left_plus_500g,10,0.16
50,left_plus_500g,11,0.21
50,left_plus_500g,12,0.18
50,left_plus_500g,13,0.18
50,left_plus_500g,14,0.16
50,left_plus_500g,15,0.21
50,left_plus_500g,16,0.18
50,left_plus_500g,17,0.21
50,left_plus_500g,18,0.16
50,left_plus_500g,19,0.21
50,left_plus_500g,20,0.18
50,left_plus_500g,21,0.21
50,left_plus_500g,22,0.16
50,left_plus_500g,23,0.21
50,left_plus_500g,24,0.18
50,left_plus_500g,25,0.19
50,left_plus_500g,26,0.18
50,left_plus_500g,27,0.21
50,left_plus_500g,28,0.21
50,left_plus_500g,29,0.18
50,left_plus_500g,30,0.18
50,left_plus_500g,31,0.21
50,left_plus_500g,32,0.21
50,left_plus_500g,33,0.18
50,left_plus_500g,34,0.18
50,left_plus_500g,35,0.18
50,left_plus_500g,36,0.21
50,left_plus_500g,37,0.16
50,left_plus_500g,38,0.18
50,left_plus_500g,39,0.18
50,left_plus_500g,40,0.18
50,left_plus_500g,41,0.18
50,left_plus_500g,42,0.18
50,left_plus_500g,43,0.18
50,left_plus_500g,44,0.21
60,left_plus_500g,0,0.24
60,left_plus_500g,1,0.24
60,left_plus_500g,2,0.24
60,left_plus_500g,3,0.26
60,left_plus_500g,4,0.26
60,left_plus_500g,5,0.24
60,left_plus_500g,6,0.21
60,left_plus_500g,7,0.26
60,left_plus_500g,8,0.29
60,left_plus_500g,9,0.26
60,left_plus_500g,10,0.24
60,left_plus_500g,11,0.26
60,left_plus_500g,12,0.26
60,left_plus_500g,13,0.26
60,left_plus_500g,14,0.26
60,left_plus_500g,15,0.26
60,left_plus_500g,16,0.29
60,left_plus_500g,17,0.24
60,left_plus_500g,18,0.26
60,left_plus_500g,19,0.26
60,left_plus_500g,20,0.26
60,left_plus_500g,21,0.26
60,left_plus_500g,22,0.24
60,left_plus_500g,23,0.26
60,left_plus_500g,24,0.26
60,left_plus_500g,25,0.24
60,left_plus_500g,26,0.29
60,left_plus_500g,27,0.26
60,left_plus_500g,28,0.29
60,left_plus_500g,29,0.24
60,left_plus_500g,30,0.29
60,left_plus_500g,31,0.29
60,left_plus_500g,32,0.29
60,left_plus_500g,33,0.24
60,left_plus_500g,34,0.26
60,left_plus_500g,35,0.32
60,left_plus_500g,36,0.26
60,left_plus_500g,37,0.26
60,left_plus_500g,38,0.26
60,left_plus_500g,39,0.26
60,left_plus_500g,40,0.29
60,left_plus_500g,41,0.24
60,left_plus_500g,42,0.29
60,left_plus_500g,43,0.26
60,left_plus_500g,44,0.29
70,left_plus_500g,0,0.29
70,left_plus_500g,1,0.32
70,left_plus_500g,2,0.32
70,left_plus_500g,3,0.29
70,left_plus_500g,4,0.29
70,left_plus_500g,5,0.34
70,left_plus_500g,6,0.29
70,left_plus_500g,7,0.32
70,left_plus_500g,8,0.34
70,left_plus_500g,9,0.27
70,left_plus_500g,10,0.32
70,left_plus_500g,11,0.34
70,left_plus_500g,12,0.32
70,left_plus_500g,13,0.32
70,left_plus_500g,14,0.34
70,left_plus_500g,15,0.32
70,left_plus_500g,16,0.34
70,left_plus_500g,17,0.32
70,left_plus_500g,18,0.32
70,left_plus_500g,19,0.34
70,left_plus_500g,20,0.34
70,left_plus_500g,21,0.32
70,left_plus_500g,22,0.32
70,left_plus_500g,23,0.34
70,left_plus_500g,24,0.34
70,left_plus_500g,25,0.32
70,left_plus_500g,26,0.34
70,left_plus_500g,27,0.34
70,left_plus_500g,28,0.34
70,left_plus_500g,29,0.32
70,left_plus_500g,30,0.32
70,left_plus_500g,31,0.32
70,left_plus_500g,32,0.34
70,left_plus_500g,33,0.29
70,left_plus_500g,34,0.34
70,left_plus_500g,35,0.34
70,left_plus_500g,36,0.34
70,left_plus_500g,37,0.32
70,left_plus_500g,38,0.34
70,left_plus_500g,39,0.34
70,left_plus_500g,40,0.32
70,left_plus_500g,41,0.34
70,left_plus_500g,42,0.34
70,left_plus_500g,43,0.34
70,left_plus_500g,44,0.29
80,left_plus_500g,0,0.37
80,left_plus_500g,1,0.36
80,left_plus_500g,2,0.39
80,left_plus_500g,3,0.39
80,left_plus_500g,4,0.39
80,left_plus_500g,5,0.34
80,left_plus_500g,6,0.39
80,left_plus_500g,7,0.42
80,left_plus_500g,8,0.39
80,left_plus_500g,9,0.37
80,left_plus_500g,10,0.39
80,left_plus_500g,11,0.42
80,left_plus_500g,12,0.42
80,left_plus_500g,13,0.37
80,left_plus_500g,14,0.39
80,left_plus_500g,15,0.39
80,left_plus_500g,16,0.42
80,left_plus_500g,17,0.37
80,left_plus_500g,18,0.39
80,left_plus_500g,19,0.39
80,left_plus_500g,20,0.42
80,left_plus_500g,21,0.37
80,left_plus_500g,22,0.42
80,left_plus_500g,23,0.39
80,left_plus_500g,24,0.42
80,left_plus_500g,25,0.37
80,left_plus_500g,26,0.42
80,left_plus_500g,27,0.39
80,left_plus_500g,28,0.42
80,left_plus_500g,29,0.34
80,left_plus_500g,30,0.39
80,left_plus_500g,31,0.42
80,left_plus_500g,32,0.37
80,left_plus_500g,33,0.42
80,left_plus_500g,34,0.42
80,left_plus_500g,35,0.42
80,left_plus_500g,36,0.37
80,left_plus_500g,37,0.42
80,left_plus_500g,38,0.39
80,left_plus_500g,39,0.39
80,left_plus_500g,40,0.37
80,left_plus_500g,41,0.42
80,left_plus_500g,42,0.42
80,left_plus_500g,43,0.42
80,left_plus_500g,44,0.37
90,left_plus_500g,0,0.45
90,left_plus_500g,1,0.42
90,left_plus_500g,2,0.47
90,left_plus_500g,3,0.47
90,left_plus_500g,4,0.47
90,left_plus_500g,5,0.45
90,left_plus_500g,6,0.47
90,left_plus_500g,7,0.47
90,left_plus_500g,8,0.47
90,left_plus_500g,9,0.45
90,left_plus_500g,10,0.47
90,left_plus_500g,11,0.47
90,left_plus_500g,12,0.47
90,left_plus_500g,13,0.45
90,left_plus_500g,14,0.5
90,left_plus_500g,15,0.47
90,left_plus_500g,16,0.47
90,left_plus_500g,17,0.45
90,left_plus_500g,18,0.45
90,left_plus_500g,19,0.47
90,left_plus_500g,20,0.5
90,left_plus_500g,21,0.45
90,left_plus_500g,22,0.47
90,left_plus_500g,23,0.5
90,left_plus_500g,24,0.46
90,left_plus_500g,25,0.47
90,left_plus_500g,26,0.47
90,left_plus_500g,27,0.47
90,left_plus_500g,28,0.45
90,left_plus_500g,29,0.47
90,left_plus_500g,30,0.5
90,left_plus_500g,31,0.47
90,left_plus_500g,32,0.45
90,left_plus_500g,33,0.5
90,left_plus_500g,34,0.47
90,left_plus_500g,35,0.47
90,left_plus_500g,36,0.42
90,left_plus_500g,37,0.47
90,left_plus_500g,38,0.47
90,left_plus_500g,39,0.47
90,left_plus_500g,40,0.45
90,left_plus_500g,41,0.5
90,left_plus_500g,42,0.5
90,left_plus_500g,43,0.47
90,left_plus_500g,44,0.42
100,left_plus_500g,0,0.5
100,left_plus_500g,1,0.47
100,left_plus_500g,2,0.55
100,left_plus_500g,3,0.55
100,left_plus_500g,4,0.55
100,left_plus_500g,5,0.5
100,left_plus_500g,6,0.53
100,left_plus_500g,7,0.58
100,left_plus_500g,8,0.55
100,left_plus_500g,9,0.5
100,left_plus_500g,10,0.55
100,left_plus_500g,11,0.55
100,left_plus_500g,12,0.55
100,left_plus_500g,13,0.5
100,left_plus_500g,14,0.55
100,left_plus_500g,15,0.58
100,left_plus_500g,16,0.53
100,left_plus_500g,17,0.55
100,left_plus_500g,18,0.58
100,left_plus_500g,19,0.53
100,left_plus_500g,20,0.53
100,left_plus_500g,21,0.55
100,left_plus_500g,22,0.58
100,left_plus_500g,23,0.6
100,left_plus_500g,24,0.53
100,left_plus_500g,25,0.58
100,left_plus_500g,26,0.55
100,left_plus_500g,27,0.55
100,left_plus_500g,28,0.53
100,left_plus_500g,29,0.58
100,left_plus_500g,30,0.55
100,left_plus_500g,31,0.55
100,left_plus_500g,32,0.53
100,left_plus_500g,33,0.55
100,left_plus_500g,34,0.55
100,left_plus_500g,35,0.53
100,left_plus_500g,36,0.53
100,left_plus_500g,37,0.55
100,left_plus_500g,38,0.58
100,left_plus_500g,39,0.55
100,left_plus_500g,40,0.5
100,left_plus_500g,41,0.58
100,left_plus_500g,42,0.58
100,left_plus_500g,43,0.58
100,left_plus_500g,44,0.53
110,left_plus_500g,0,0.58
110,left_plus_500g,1,0.55
110,left_plus_500g,2,0.63
110,left_plus_500g,3,0.6
110,left_plus_500g,4,0.63
110,left_plus_500g,5,0.55
110,left_plus_500g,6,0.6
110,left_plus_500g,7,0.6
110,left_plus_500g,8,0.58
110,left_plus_500g,9,0.63
110,left_plus_500g,10,0.63
110,left_plus_500g,11,0.63
110,left_plus_500g,12,0.55
110,left_plus_500g,13,0.63
110,left_plus_500g,14,0.63
110,left_plus_500g,15,0.63
110,left_plus_500g,16,0.58
110,left_plus_500g,17,0.63
110,left_plus_500g,18,0.63
110,left_plus_500g,19,0.63
110,left_plus_500g,20,0.55
110,left_plus_500g,21,0.6
110,left_plus_500g,22,0.63
110,left_plus_500g,23,0.63
110,left_plus_500g,24,0.58
110,left_plus_500g,25,0.6
110,left_plus_500g,26,0.58
110,left_plus_500g,27,0.58
110,left_plus_500g,28,0.53
110,left_plus_500g,29,0.55
110,left_plus_500g,30,0.55
110,left_plus_500g,31,0.53
110,left_plus_500g,32,0.5
110,left_plus_500g,33,0.5
110,left_plus_500g,34,0.53
110,left_plus_500g,35,0.5
110,left_plus_500g,36,0.5
110,left_plus_500g,37,0.5
110,left_plus_500g,38,0.5
110,left_plus_500g,39,0.43
110,left_plus_500g,40,0.47
110,left_plus_500g,41,0.47
110,left_plus_500g,42,0.47
110,left_plus_500g,43,0.42
110,left_plus_500g,44,0.45
120,left_plus_500g,0,0.41
120,left_plus_500g,1,0.47
120,left_plus_500g,2,0.47
120,left_plus_500g,3,0.45
120,left_plus_500g,4,0.42
120,left_plus_500g,5,0.5
120,left_plus_500g,6,0.47
120,left_plus_500g,7,0.47
120,left_plus_500g,8,0.42
120,left_plus_500g,9,0.47
120,left_plus_500g,10,0.5
120,left_plus_500g,11,0.47
120,left_plus_500g,12,0.42
120,left_plus_500g,13,0.47
120,left_plus_500g,14,0.47
120,left_plus_500g,15,0.5
120,left_plus_500g,16,0.42
120,left_plus_500g,17,0.45
120,left_plus_500g,18,0.47
120,left_plus_500g,19,0.47
120,left_plus_500g,20,0.42
120,left_plus_500g,21,0.5
120,left_plus_500g,22,0.47
120,left_plus_500g,23,0.47
120,left_plus_500g,24,0.42
120,left_plus_500g,25,0.47
120,left_plus_500g,26,0.47
120,left_plus_500g,27,0.47
120,left_plus_500g,28,0.42
120,left_plus_500g,29,0.47
120,left_plus_500g,30,0.47
120,left_plus_500g,31,0.46
120,left_plus_500g,32,0.47
120,left_plus_500g,33,0.45
120,left_plus_500g,34,0.47
120,left_plus_500g,35,0.45
120,left_plus_500g,36,0.45
120,left_plus_500g,37,0.47
120,left_plus_500g,38,0.47
120,left_plus_500g,39,0.45
120,left_plus_500g,40,0.5
120,left_plus_500g,41,0.47
120,left_plus_500g,42,0.47
120,left_plus_500g,43,0.42
120,left_plus_500g,44,0.47
130,left_plus_500g,0,0.42
130,left_plus_500g,1,0.5
130,left_plus_500g,2,0.53
130,left_plus_500g,3,0.5
130,left_plus_500g,4,0.47
130,left_plus_500g,5,0.5
130,left_plus_500g,6,0.5
130,left_plus_500g,7,0.53
130,left_plus_500g,8,0.47
130,left_plus_500g,9,0.5
130,left_plus_500g,10,0.53
130,left_plus_500g,11,0.53
130,left_plus_500g,12,0.45
130,left_plus_500g,13,0.53
130,left_plus_500g,14,0.5
130,left_plus_500g,15,0.53
130,left_plus_500g,16,0.47
130,left_plus_500g,17,0.53
130,left_plus_500g,18,0.53
130,left_plus_500g,19,0.5
130,left_plus_500g,20,0.45
130,left_plus_500g,21,0.5
130,left_plus_500g,22,0.53
130,left_plus_500g,23,0.5
130,left_plus_500g,24,0.47
130,left_plus_500g,25,0.53
130,left_plus_500g,26,0.53
130,left_plus_500g,27,0.47
130,left_plus_500g,28,0.5
130,left_plus_500g,29,0.47
130,left_plus_500g,30,0.53
130,left_plus_500g,31,0.47
130,left_plus_500g,32,0.53
130,left_plus_500g,33,0.53
130,left_plus_500g,34,0.5
130,left_plus_500g,35,0.45
130,left_plus_500g,36,0.5
130,left_plus_500g,37,0.53
130,left_plus_500g,38,0.5
130,left_plus_500g,39,0.47
130,left_plus_500g,40,0.47
130,left_plus_500g,41,0.53
130,left_plus_500g,42,0.53
130,left_plus_500g,43,0.45
130,left_plus_500g,44,0.53
140,left_plus_500g,0,0.45
140,left_plus_500g,1,0.53
140,left_plus_500g,2,0.55
140,left_plus_500g,3,0.53
140,left_plus_500g,4,0.5
140,left_plus_500g,5,0.53
140,left_plus_500g,6,0.55
140,left_plus_500g,7,0.55
140,left_plus_500g,8,0.5
140,left_plus_500g,9,0.55
140,left_plus_500g,10,0.53
140,left_plus_500g,11,0.55
140,left_plus_500g,12,0.47
140,left_plus_500g,13,0.55
140,left_plus_500g,14,0.55
140,left_plus_500g,15,0.55
140,left_plus_500g,16,0.5
140,left_plus_500g,17,0.55
140,left_plus_500g,18,0.55
140,left_plus_500g,19,0.47
140,left_plus_500g,20,0.55
140,left_plus_500g,21,0.53
140,left_plus_500g,22,0.55
140,left_plus_500g,23,0.53
140,left_plus_500g,24,0.55
140,left_plus_500g,25,0.53
140,left_plus_500g,26,0.55
140,left_plus_500g,27,0.5
140,left_plus_500g,28,0.55
140,left_plus_500g,29,0.53
140,left_plus_500g,30,0.55
140,left_plus_500g,31,0.5
140,left_plus_500g,32,0.55
140,left_plus_500g,33,0.55
140,left_plus_500g,34,0.53
140,left_plus_500g,35,0.47
140,left_plus_500g,36,0.53
140,left_plus_500g,37,0.58
140,left_plus_500g,38,0.53
140,left_plus_500g,39,0.47
140,left_plus_500g,40,0.55
140,left_plus_500g,41,0.53
140,left_plus_500g,42,0.55
140,left_plus_500g,43,0.5
140,left_plus_500g,44,0.55
150,left_plus_500g,0,0.47
150,left_plus_500g,1,0.58
150,left_plus_500g,2,0.58
150,left_plus_500g,3,0.58
150,left_plus_500g,4,0.55
150,left_plus_500g,5,0.6
150,left_plus_500g,6,0.58
150,left_plus_500g,7,0.58
150,left_plus_500g,8,0.53
150,left_plus_500g,9,0.6
150,left_plus_500g,10,0.58
150,left_plus_500g,11,0.53
150,left_plus_500g,12,0.6
150,left_plus_500g,13,0.58
150,left_plus_500g,14,0.58
150,left_plus_500g,15,0.5
150,left_plus_500g,16,0.58
150,left_plus_500g,17,0.58
150,left_plus_500g,18,0.58
150,left_plus_500g,19,0.53
150,left_plus_500g,20,0.6
150,left_plus_500g,21,0.55
150,left_plus_500g,22,0.58
150,left_plus_500g,23,0.53
150,left_plus_500g,24,0.6
150,left_plus_500g,25,0.55
150,left_plus_500g,26,0.58
150,left_plus_500g,27,0.53
150,left_plus_500g,28,0.58
150,left_plus_500g,29,0.6
150,left_plus_500g,30,0.58
150,left_plus_500g,31,0.53
150,left_plus_500g,32,0.58
150,left_plus_500g,33,0.6
150,left_plus_500g,34,0.58
150,left_plus_500g,35,0.5
150,left_plus_500g,36,0.6
150,left_plus_500g,37,0.58
150,left_plus_500g,38,0.6
150,left_plus_500g,39,0.53
150,left_plus_500g,40,0.58
150,left_plus_500g,41,0.58
150,left_plus_500g,42,0.51
150,left_plus_500g,43,0.55
150,left_plus_500g,44,0.58
160,left_plus_500g,0,0.53
160,left_plus_500g,1,0.6
160,left_plus_500g,2,0.6
160,left_plus_500g,3,0.55
160,left_plus_500g,4,0.6
160,left_plus_500g,5,0.63
160,left_plus_500g,6,0.6
160,left_plus_500g,7,0.58
160,left_plus_500g,8,0.6
160,left_plus_500g,9,0.6
160,left_plus_500g,10,0.63
160,left_plus_500g,11,0.58
160,left_plus_500g,12,0.63
160,left_plus_500g,13,0.58
160,left_plus_500g,14,0.6
160,left_plus_500g,15,0.55
160,left_plus_500g,16,0.63
160,left_plus_500g,17,0.63
160,left_plus_500g,18,0.6
160,left_plus_500g,19,0.55
160,left_plus_500g,20,0.6
160,left_plus_500g,21,0.58
160,left_plus_500g,22,0.6
160,left_plus_500g,23,0.58
160,left_plus_500g,24,0.6
160,left_plus_500g,25,0.6
160,left_plus_500g,26,0.58
160,left_plus_500g,27,0.55
160,left_plus_500g,28,0.63
160,left_plus_500g,29,0.6
160,left_plus_500g,30,0.6
160,left_plus_500g,31,0.58
160,left_plus_500g,32,0.6
160,left_plus_500g,33,0.6
160,left_plus_500g,34,0.55
160,left_plus_500g,35,0.63
160,left_plus_500g,36,0.6
160,left_plus_500g,37,0.6
160,left_plus_500g,38,0.55
160,left_plus_500g,39,0.63
160,left_plus_500g,40,0.6
160,left_plus_500g,41,0.6
160,left_plus_500g,42,0.55
160,left_plus_500g,43,0.6
160,left_plus_500g,44,0.63
170,left_plus_500g,0,0.6
170,left_plus_500g,1,0.66
170,left_plus_500g,2,0.63
170,left_plus_500g,3,0.6
170,left_plus_500g,4,0.63
170,left_plus_500g,5,0.63
170,left_plus_500g,6,0.63
170,left_plus_500g,7,0.6
170,left_plus_500g,8,0.66
170,left_plus_500g,9,0.66
170,left_plus_500g,10,0.6
170,left_plus_500g,11,0.58
170,left_plus_500g,12,0.66
170,left_plus_500g,13,0.63
170,left_plus_500g,14,0.66
170,left_plus_500g,15,0.6
170,left_plus_500g,16,0.63
170,left_plus_500g,17,0.63
170,left_plus_500g,18,0.63
170,left_plus_500g,19,0.58
170,left_plus_500g,20,0.66
170,left_plus_500g,21,0.63
170,left_plus_500g,22,0.6
170,left_plus_500g,23,0.63
170,left_plus_500g,24,0.63
170,left_plus_500g,25,0.63
170,left_plus_500g,26,0.58
170,left_plus_500g,27,0.63
170,left_plus_500g,28,0.6
170,left_plus_500g,29,0.6
170,left_plus_500g,30,0.55
170,left_plus_500g,31,0.6
170,left_plus_500g,32,0.63
170,left_plus_500g,33,0.6
170,left_plus_500g,34,0.55
170,left_plus_500g,35,0.6
170,left_plus_500g,36,0.58
170,left_plus_500g,37,0.58
170,left_plus_500g,38,0.55
170,left_plus_500g,39,0.6
170,left_plus_500g,40,0.58
170,left_plus_500g,41,0.58
170,left_plus_500g,42,0.5
170,left_plus_500g,43,0.58
170,left_plus_500g,44,0.55
180,left_plus_500g,0,0.58
180,left_plus_500g,1,0.58
180,left_plus_500g,2,0.58
180,left_plus_500g,3,0.53
180,left_plus_500g,4,0.6
180,left_plus_500g,5,0.58
180,left_plus_500g,6,0.58
180,left_plus_500g,7,0.5
180,left_plus_500g,8,0.58
180,left_plus_500g,9,0.58
180,left_plus_500g,10,0.53
180,left_plus_500g,11,0.58
180,left_plus_500g,12,0.58
180,left_plus_500g,13,0.58
180,left_plus_500g,14,0.5
180,left_plus_500g,15,0.58
180,left_plus_500g,16,0.58
180,left_plus_500g,17,0.6
180,left_plus_500g,18,0.53
180,left_plus_500g,19,0.58
180,left_plus_500g,20,0.58
180,left_plus_500g,21,0.58
180,left_plus_500g,22,0.53
180,left_plus_500g,23,0.55
180,left_plus_500g,24,0.6
180,left_plus_500g,25,0.58
180,left_plus_500g,26,0.55
180,left_plus_500g,27,0.58
180,left_plus_500g,28,0.55
180,left_plus_500g,29,0.58
180,left_plus_500g,30,0.53
180,left_plus_500g,31,0.58
180,left_plus_500g,32,0.6
180,left_plus_500g,33,0.58
180,left_plus_500g,34,0.53
180,left_plus_500g,35,0.58
180,left_plus_500g,36,0.58
180,left_plus_500g,37,0.55
180,left_plus_500g,38,0.53
180,left_plus_500g,39,0.58
180,left_plus_500g,40,0.6
180,left_plus_500g,41,0.51
180,left_plus_500g,42,0.55
180,left_plus_500g,43,0.58
180,left_plus_500g,44,0.58
190,left_plus_500g,0,0.55
190,left_plus_500g,1,0.55
190,left_plus_500g,2,0.53
190,left_plus_500g,3,0.58
190,left_plus_500g,4,0.58
190,left_plus_500g,5,0.6
190,left_plus_500g,6,0.53
190,left_plus_500g,7,0.58
190,left_plus_500g,8,0.58
190,left_plus_500g,9,0.55
190,left_plus_500g,10,0.53
190,left_plus_500g,11,0.6
190,left_plus_500g,12,0.63
190,left_plus_500g,13,0.58
190,left_plus_500g,14,0.55
190,left_plus_500g,15,0.58
190,left_plus_500g,16,0.6
190,left_plus_500g,17,0.6
190,left_plus_500g,18,0.53
190,left_plus_500g,19,0.6
190,left_plus_500g,20,0.58
190,left_plus_500g,21,0.6
190,left_plus_500g,22,0.55
190,left_plus_500g,23,0.55
190,left_plus_500g,24,0.6
190,left_plus_500g,25,0.6
190,left_plus_500g,26,0.53
190,left_plus_500g,27,0.6
190,left_plus_500g,28,0.58
190,left_plus_500g,29,0.58
190,left_plus_500g,30,0.53
190,left_plus_500g,31,0.6
190,left_plus_500g,32,0.6
190,left_plus_500g,33,0.53
190,left_plus_500g,34,0.58
190,left_plus_500g,35,0.6
190,left_plus_500g,36,0.55
190,left_plus_500g,37,0.55
190,left_plus_500g,38,0.6
190,left_plus_500g,39,0.6
190,left_plus_500g,40,0.58
190,left_plus_500g,41,0.53
190,left_plus_500g,42,0.58
190,left_plus_500g,43,0.58
190,left_plus_500g,44,0.58
200,left_plus_500g,0,0.55
200,left_plus_500g,1,0.6
200,left_plus_500g,2,0.53
200,left_plus_500g,3,0.58
200,left_plus_500g,4,0.6
200,left_plus_500g,5,0.6
200,left_plus_500g,6,0.58
200,left_plus_500g,7,0.63
200,left_plus_500g,8,0.6
200,left_plus_500g,9,0.6
200,left_plus_500g,10,0.55
200,left_plus_500g,11,0.63
200,left_plus_500g,12,0.6
200,left_plus_500g,13,0.6
200,left_plus_500g,14,0.55
200,left_plus_500g,15,0.6
200,left_plus_500g,16,0.63
200,left_plus_500g,17,0.6
200,left_plus_500g,18,0.55
200,left_plus_500g,19,0.63
200,left_plus_500g,20,0.6
200,left_plus_500g,21,0.58
200,left_plus_500g,22,0.63
200,left_plus_500g,23,0.6
200,left_plus_500g,24,0.63
200,left_plus_500g,25,0.58
200,left_plus_500g,26,0.63
200,left_plus_500g,27,0.6
200,left_plus_500g,28,0.6
200,left_plus_500g,29,0.58
200,left_plus_500g,30,0.63
200,left_plus_500g,31,0.66
200,left_plus_500g,32,0.6
200,left_plus_500g,33,0.55
200,left_plus_500g,34,0.6
200,left_plus_500g,35,0.63
200,left_plus_500g,36,0.6
200,left_plus_500g,37,0.58
200,left_plus_500g,38,0.6
200,left_plus_500g,39,0.63
200,left_plus_500g,40,0.63
200,left_plus_500g,41,0.55
200,left_plus_500g,42,0.6
200,left_plus_500g,43,0.6
200,left_plus_500g,44,0.63
210,left_plus_500g,0,0.6
210,left_plus_500g,1,0.63
210,left_plus_500g,2,0.58
210,left_plus_500g,3,0.63
210,left_plus_500g,4,0.63
210,left_plus_500g,5,0.63
210,left_plus_500g,6,0.58
210,left_plus_500g,7,0.66
210,left_plus_500g,8,0.66
210,left_plus_500g,9,0.66
210,left_plus_500g,10,0.55
210,left_plus_500g,11,0.63
210,left_plus_500g,12,0.66
210,left_plus_500g,13,0.6
210,left_plus_500g,14,0.66
210,left_plus_500g,15,0.68
210,left_plus_500g,16,0.63
210,left_plus_500g,17,0.6
210,left_plus_500g,18,0.66
210,left_plus_500g,19,0.63
210,left_plus_500g,20,0.66
210,left_plus_500g,21,0.58
210,left_plus_500g,22,0.66
210,left_plus_500g,23,0.66
210,left_plus_500g,24,0.63
210,left_plus_500g,25,0.58
210,left_plus_500g,26,0.66
210,left_plus_500g,27,0.66
210,left_plus_500g,28,0.66
210,left_plus_500g,29,0.58
210,left_plus_500g,30,0.66
210,left_plus_500g,31,0.66
210,left_plus_500g,32,0.66
210,left_plus_500g,33,0.58
210,left_plus_500g,34,0.63
210,left_plus_500g,35,0.66
210,left_plus_500g,36,0.63
210,left_plus_500g,37,0.6
210,left_plus_500g,38,0.63
210,left_plus_500g,39,0.66
210,left_plus_500g,40,0.63
210,left_plus_500g,41,0.55
210,left_plus_500g,42,0.63
210,left_plus_500g,43,0.66
210,left_plus_500g,44,0.6
220,left_plus_500g,0,0.63
220,left_plus_500g,1,0.66
220,left_plus_500g,2,0.58
220,left_plus_500g,3,0.68
220,left_plus_500g,4,0.68
220,left_plus_500g,5,0.63
220,left_plus_500g,6,0.66
220,left_plus_500g,7,0.66
220,left_plus_500g,8,0.68
220,left_plus_500g,9,0.6
220,left_plus_500g,10,0.66
220,left_plus_500g,11,0.66
220,left_plus_500g,12,0.68
220,left_plus_500g,13,0.6
220,left_plus_500g,14,0.68
220,left_plus_500g,15,0.66
220,left_plus_500g,16,0.68
220,left_plus_500g,17,0.6
220,left_plus_500g,18,0.68
220,left_plus_500g,19,0.68
220,left_plus_500g,20,0.66
220,left_plus_500g,21,0.63
220,left_plus_500g,22,0.66
220,left_plus_500g,23,0.66
220,left_plus_500g,24,0.66
220,left_plus_500g,25,0.6
220,left_plus_500g,26,0.66
220,left_plus_500g,27,0.68
220,left_plus_500g,28,0.66
220,left_plus_500g,29,0.58
220,left_plus_500g,30,0.66
220,left_plus_500g,31,0.66
220,left_plus_500g,32,0.68
220,left_plus_500g,33,0.63
220,left_plus_500g,34,0.66
220,left_plus_500g,35,0.66
220,left_plus_500g,36,0.63
220,left_plus_500g,37,0.66
220,left_plus_500g,38,0.66
220,left_plus_500g,39,0.68
220,left_plus_500g,40,0.6
220,left_plus_500g,41,0.66
220,left_plus_500g,42,0.66
220,left_plus_500g,43,0.68
220,left_plus_500g,44,0.58
230,left_plus_500g,0,0.66
230,left_plus_500g,1,0.63
230,left_plus_500g,2,0.68
230,left_plus_500g,3,0.68
230,left_plus_500g,4,0.66
230,left_plus_500g,5,0.6
230,left_plus_500g,6,0.71
230,left_plus_500g,7,0.68
230,left_plus_500g,8,0.71
230,left_plus_500g,9,0.6
230,left_plus_500g,10,0.68
230,left_plus_500g,11,0.68
230,left_plus_500g,12,0.66
230,left_plus_500g,13,0.63
230,left_plus_500g,14,0.66
230,left_plus_500g,15,0.68
230,left_plus_500g,16,0.66
230,left_plus_500g,17,0.6
230,left_plus_500g,18,0.68
230,left_plus_500g,19,0.68
230,left_plus_500g,20,0.66
230,left_plus_500g,21,0.63
230,left_plus_500g,22,0.68
230,left_plus_500g,23,0.68
230,left_plus_500g,24,0.68
230,left_plus_500g,25,0.6
230,left_plus_500g,26,0.68
230,left_plus_500g,27,0.66
230,left_plus_500g,28,0.6
230,left_plus_500g,29,0.68
230,left_plus_500g,30,0.68
230,left_plus_500g,31,0.68
230,left_plus_500g,32,0.6
230,left_plus_500g,33,0.63
230,left_plus_500g,34,0.66
230,left_plus_500g,35,0.68
230,left_plus_500g,36,0.6
230,left_plus_500g,37,0.71
230,left_plus_500g,38,0.66
230,left_plus_500g,39,0.66
230,left_plus_500g,40,0.63
230,left_plus_500g,41,0.68
230,left_plus_500g,42,0.68
230,left_plus_500g,43,0.68
230,left_plus_500g,44,0.6
240,left_plus_500g,0,0.63
240,left_plus_500g,1,0.63
240,left_plus_500g,2,0.66
240,left_plus_500g,3,0.68
240,left_plus_500g,4,0.68
240,left_plus_500g,5,0.63
240,left_plus_500g,6,0.68
240,left_plus_500g,7,0.66
240,left_plus_500g,8,0.68
240,left_plus_500g,9,0.63
240,left_plus_500g,10,0.68
240,left_plus_500g,11,0.71
240,left_plus_500g,12,0.68
240,left_plus_500g,13,0.6
240,left_plus_500g,14,0.68
240,left_plus_500g,15,0.68
240,left_plus_500g,16,0.68
240,left_plus_500g,17,0.63
240,left_plus_500g,18,0.68
240,left_plus_500g,19,0.68
240,left_plus_500g,20,0.63
240,left_plus_500g,21,0.68
240,left_plus_500g,22,0.68
240,left_plus_500g,23,0.71
240,left_plus_500g,24,0.63
240,left_plus_500g,25,0.71
240,left_plus_500g,26,0.68
240,left_plus_500g,27,0.68
240,left_plus_500g,28,0.63
240,left_plus_500g,29,0.71
240,left_plus_500g,30,0.68
240,left_plus_500g,31,0.68
240,left_plus_500g,32,0.6
240,left_plus_500g,33,0.71
240,left_plus_500g,34,0.68
240,left_plus_500g,35,0.68
240,left_plus_500g,36,0.63
240,left_plus_500g,37,0.68
240,left_plus_500g,38,0.71
240,left_plus_500g,39,0.68
240,left_plus_500g,40,0.63
240,left_plus_500g,41,0.68
240,left_plus_500g,42,0.68
240,left_plus_500g,43,0.68
240,left_plus_500g,44,0.63
0,left_on_carpet,0,0
0,left_on_carpet,1,0
0,left_on_carpet,2,0
0,left_on_carpet,3,0
0,left_on_carpet,4,0
0,left_on_carpet,5,0
0,left_on_carpet,6,0
0,left_on_carpet,7,0
0,left_on_carpet,8,0
0,left_on_carpet,9,0
0,left_on_carpet,10,0
0,left_on_carpet,11,0
0,left_on_carpet,12,0
0,left_on_carpet,13,0
0,left_on_carpet,14,0
0,left_on_carpet,15,0
0,left_on_carpet,16,0
0,left_on_carpet,17,0
0,left_on_carpet,18,0
0,left_on_carpet,19,0
0,left_on_carpet,20,0
0,left_on_carpet,21,0
0,left_on_carpet,22,0
0,left_on_carpet,23,0
0,left_on_carpet,24,0
0,left_on_carpet,25,0
0,left_on_carpet,26,0
0,left_on_carpet,27,0
0,left_on_carpet,28,0
0,left_on_carpet,29,0
0,left_on_carpet,30,0
0,left_on_carpet,31,0
0,left_on_carpet,32,0
0,left_on_carpet,33,0
0,left_on_carpet,34,0
0,left_on_carpet,35,0
0,left_on_carpet,36,0
0,left_on_carpet,37,0
0,left_on_carpet,38,0
0,left_on_carpet,39,0
0,left_on_carpet,40,0
0,left_on_carpet,41,0
0,left_on_carpet,42,0
0,left_on_carpet,43,0
0,left_on_carpet,44,0
10,left_on_carpet,0,0
10,left_on_carpet,1,0
10,left_on_carpet,2,0
10,left_on_carpet,3,0
10,left_on_carpet,4,0
10,left_on_carpet,5,0
10,left_on_carpet,6,0
10,left_on_carpet,7,0
10,left_on_carpet,8,0
10,left_on_carpet,9,0
10,left_on_carpet,10,0
10,left_on_carpet,11,0
10,left_on_carpet,12,0
10,left_on_carpet,13,0
10,left_on_carpet,14,0
10,left_on_carpet,15,0
10,left_on_carpet,16,0
10,left_on_carpet,17,0
10,left_on_carpet,18,0
10,left_on_carpet,19,0
10,left_on_carpet,20,0
10,left_on_carpet,21,0
10,left_on_carpet,22,0
10,left_on_carpet,23,0
10,left_on_carpet,24,0
10,left_on_carpet,25,0
10,left_on_carpet,26,0
10,left_on_carpet,27,0
10,left_on_carpet,28,0
10,left_on_carpet,29,0
10,left_on_carpet,30,0
10,left_on_carpet,31,0
10,left_on_carpet,32,0
10,left_on_carpet,33,0
10,left_on_carpet,34,0
10,left_on_carpet,35,0
10,left_on_carpet,36,0
10,left_on_carpet,37,0
10,left_on_carpet,38,0
10,left_on_carpet,39,0
10,left_on_carpet,40,0
10,left_on_carpet,41,0
10,left_on_carpet,42,0
10,left_on_carpet,43,0
10,left_on_carpet,44,0
20,left_on_carpet,0,0.05
20,left_on_carpet,1,0.03
20,left_on_carpet,2,0.05
20,left_on_carpet,3,0.05
20,left_on_carpet,4,0.05
20,left_on_carpet,5,0.05
20,left_on_carpet,6,0.05
20,left_on_carpet,7,0.05
20,left_on_carpet,8,0.05
20,left_on_carpet,9,0.05
20,left_on_carpet,10,0.05
20,left_on_carpet,11,0.08
20,left_on_carpet,12,0.05
20,left_on_carpet,13,0.05
20,left_on_carpet,14,0.05
20,left_on_carpet,15,0.05
20,left_on_carpet,16,0.05
20,left_on_carpet,17,0.08
20,left_on_carpet,18,0.05
20,left_on_carpet,19,0.05
20,left_on_carpet,20,0.05
20,left_on_carpet,21,0.05
20,left_on_carpet,22,0.08
20,left_on_carpet,23,0.08
20,left_on_carpet,24,0.05
20,left_on_carpet,25,0.08
20,left_on_carpet,26,0.05
20,left_on_carpet,27,0.08
20,left_on_carpet,28,0.08
20,left_on_carpet,29,0.08
20,left_on_carpet,30,0.05
20,left_on_carpet,31,0.08
20,left_on_carpet,32,0.05
20,left_on_carpet,33,0.08
20,left_on_carpet,34,0.05
20,left_on_carpet,35,0.05
20,left_on_carpet,36,0.08
20,left_on_carpet,37,0.05
20,left_on_carpet,38,0.05
20,left_on_carpet,39,0.05
20,left_on_carpet,40,0.08
20,left_on_carpet,41,0.05
20,left_on_carpet,42,0.05
20,left_on_carpet,43,0.08
20,left_on_carpet,44,0.05
30,left_on_carpet,0,0.13
30,left_on_carpet,1,0.13
30,left_on_carpet,2,0.11
30,left_on_carpet,3,0.11
30,left_on_carpet,4,0.13
30,left_on_carpet,5,0.13
30,left_on_carpet,6,0.16
30,left_on_carpet,7,0.11
30,left_on_carpet,8,0.13
30,left_on_carpet,9,0.13
30,left_on_carpet,10,0.11
30,left_on_carpet,11,0.13
30,left_on_carpet,12,0.13
30,left_on_carpet,13,0.11
30,left_on_carpet,14,0.12
30,left_on_carpet,15,0.13
30,left_on_carpet,16,0.11
30,left_on_carpet,17,0.13
30,left_on_carpet,18,0.11
30,left_on_carpet,19,0.13
30,left_on_carpet,20,0.11
30,left_on_carpet,21,0.13
30,left_on_carpet,22,0.11
30,left_on_carpet,23,0.13
30,left_on_carpet,24,0.11
30,left_on_carpet,25,0.13
30,left_on_carpet,26,0.13
30,left_on_carpet,27,0.13
30,left_on_carpet,28,0.11
30,left_on_carpet,29,0.13
30,left_on_carpet,30,0.13
30,left_on_carpet,31,0.13
30,left_on_carpet,32,0.11
30,left_on_carpet,33,0.13
30,left_on_carpet,34,0.13
30,left_on_carpet,35,0.13
30,left_on_carpet,36,0.13
30,left_on_carpet,37,0.13
30,left_on_carpet,38,0.11
30,left_on_carpet,39,0.13
30,left_on_carpet,40,0.13
30,left_on_carpet,41,0.13
30,left_on_carpet,42,0.11
30,left_on_carpet,43,0.13
30,left_on_carpet,44,0.13
40,left_on_carpet,0,0.18
40,left_on_carpet,1,0.18
40,left_on_carpet,2,0.18
40,left_on_carpet,3,0.18
40,left_on_carpet,4,0.18
40,left_on_carpet,5,0.18
40,left_on_carpet,6,0.18
40,left_on_carpet,7,0.18
40,left_on_carpet,8,0.21
40,left_on_carpet,9,0.18
40,left_on_carpet,10,0.16
40,left_on_carpet,11,0.21
40,left_on_carpet,12,0.18
40,left_on_carpet,13,0.18
40,left_on_carpet,14,0.18
40,left_on_carpet,15,0.18
40,left_on_carpet,16,0.18
40,left_on_carpet,17,0.21
40,left_on_carpet,18,0.16
40,left_on_carpet,19,0.18
40,left_on_carpet,20,0.21
40,left_on_carpet,21,0.18
40,left_on_carpet,22,0.16
40,left_on_carpet,23,0.21
40,left_on_carpet,24,0.18
40,left_on_carpet,25,0.18
40,left_on_carpet,26,0.16
40,left_on_carpet,27,0.18
40,left_on_carpet,28,0.21
40,left_on_carpet,29,0.18
40,left_on_carpet,30,0.16
40,left_on_carpet,31,0.18
40,left_on_carpet,32,0.18
40,left_on_carpet,33,0.21
40,left_on_carpet,34,0.16
40,left_on_carpet,35,0.21
40,left_on_carpet,36,0.18
40,left_on_carpet,37,0.17
40,left_on_carpet,38,0.21
40,left_on_carpet,39,0.18
40,left_on_carpet,40,0.18
40,left_on_carpet,41,0.18
40,left_on_carpet,42,0.18
40,left_on_carpet,43,0.18
40,left_on_carpet,44,0.18
50,left_on_carpet,0,0.24
50,left_on_carpet,1,0.26
50,left_on_carpet,2,0.24
50,left_on_carpet,3,0.26
50,left_on_carpet,4,0.26
50,left_on_carpet,5,0.24
50,left_on_carpet,6,0.24
50,left_on_carpet,7,0.26
50,left_on_carpet,8,0.24
50,left_on_carpet,9,0.26
50,left_on_carpet,10,0.24
50,left_on_carpet,11,0.26
50,left_on_carpet,12,0.24
50,left_on_carpet,13,0.24
50,left_on_carpet,14,0.24
50,left_on_carpet,15,0.26
50,left_on_carpet,16,0.24
50,left_on_carpet,17,0.26
50,left_on_carpet,18,0.24
50,left_on_carpet,19,0.26
50,left_on_carpet,20,0.26
50,left_on_carpet,21,0.26
50,left_on_carpet,22,0.24
50,left_on_carpet,23,0.26
50,left_on_carpet,24,0.26
50,left_on_carpet,25,0.24
50,left_on_carpet,26,0.26
50,left_on_carpet,27,0.26
50,left_on_carpet,28,0.26
50,left_on_carpet,29,0.24
50,left_on_carpet,30,0.26
50,left_on_carpet,31,0.24
50,left_on_carpet,32,0.26
50,left_on_carpet,33,0.24
50,left_on_carpet,34,0.26
50,left_on_carpet,35,0.26
50,left_on_carpet,36,0.26
50,left_on_carpet,37,0.24
50,left_on_carpet,38,0.26
50,left_on_carpet,39,0.26
50,left_on_carpet,40,0.26
50,left_on_carpet,41,0.24
50,left_on_carpet,42,0.26
50,left_on_carpet,43,0.24
50,left_on_carpet,44,0.26
60,left_on_carpet,0,0.29
60,left_on_carpet,1,0.29
60,left_on_carpet,2,0.29
60,left_on_carpet,3,0.29
60,left_on_carpet,4,0.32
60,left_on_carpet,5,0.32
60,left_on_carpet,6,0.29
60,left_on_carpet,7,0.32
60,left_on_carpet,8,0.32
60,left_on_carpet,9,0.32
60,left_on_carpet,10,0.29
60,left_on_carpet,11,0.32
60,left_on_carpet,12,0.32
60,left_on_carpet,13,0.32
60,left_on_carpet,14,0.29
60,left_on_carpet,15,0.32
60,left_on_carpet,16,0.32
60,left_on_carpet,17,0.27
60,left_on_carpet,18,0.34
60,left_on_carpet,19,0.32
60,left_on_carpet,20,0.32
60,left_on_carpet,21,0.29
60,left_on_carpet,22,0.32
60,left_on_carpet,23,0.32
60,left_on_carpet,24,0.32
60,left_on_carpet,25,0.29
60,left_on_carpet,26,0.32
60,left_on_carpet,27,0.29
60,left_on_carpet,28,0.32
60,left_on_carpet,29,0.29
60,left_on_carpet,30,0.29
60,left_on_carpet,31,0.34
60,left_on_carpet,32,0.32
60,left_on_carpet,33,0.29
60,left_on_carpet,34,0.32
60,left_on_carpet,35,0.32
60,left_on_carpet,36,0.34
60,left_on_carpet,37,0.29
60,left_on_carpet,38,0.32
60,left_on_carpet,39,0.32
60,left_on_carpet,40,0.29
60,left_on_carpet,41,0.29
60,left_on_carpet,42,0.32
60,left_on_carpet,43,0.32
60,left_on_carpet,44,0.32
70,left_on_carpet,0,0.37
70,left_on_carpet,1,0.39
70,left_on_carpet,2,0.34
70,left_on_carpet,3,0.39
70,left_on_carpet,4,0.39
70,left_on_carpet,5,0.39
70,left_on_carpet,6,0.34
70,left_on_carpet,7,0.39
70,left_on_carpet,8,0.39
70,left_on_carpet,9,0.36
70,left_on_carpet,10,0.39
70,left_on_carpet,11,0.39
70,left_on_carpet,12,0.39
70,left_on_carpet,13,0.34
70,left_on_carpet,14,0.39
70,left_on_carpet,15,0.39
70,left_on_carpet,16,0.39
70,left_on_carpet,17,0.34
70,left_on_carpet,18,0.39
70,left_on_carpet,19,0.39
70,left_on_carpet,20,0.39
70,left_on_carpet,21,0.34
70,left_on_carpet,22,0.39
70,left_on_carpet,23,0.39
70,left_on_carpet,24,0.37
70,left_on_carpet,25,0.37
70,left_on_carpet,26,0.37
70,left_on_carpet,27,0.39
70,left_on_carpet,28,0.37
70,left_on_carpet,29,0.37
70,left_on_carpet,30,0.37
70,left_on_carpet,31,0.39
70,left_on_carpet,32,0.39
70,left_on_carpet,33,0.37
70,left_on_carpet,34,0.39
70,left_on_carpet,35,0.37
70,left_on_carpet,36,0.39
70,left_on_carpet,37,0.34
70,left_on_carpet,38,0.39
70,left_on_carpet,39,0.37
70,left_on_carpet,40,0.34
70,left_on_carpet,41,0.39
70,left_on_carpet,42,0.39
70,left_on_carpet,43,0.39
70,left_on_carpet,44,0.34
80,left_on_carpet,0,0.42
80,left_on_carpet,1,0.41
80,left_on_carpet,2,0.45
80,left_on_carpet,3,0.45
80,left_on_carpet,4,0.45
80,left_on_carpet,5,0.42
80,left_on_carpet,6,0.45
80,left_on_carpet,7,0.47
80,left_on_carpet,8,0.47
80,left_on_carpet,9,0.39
80,left_on_carpet,10,0.45
80,left_on_carpet,11,0.47
80,left_on_carpet,12,0.45
80,left_on_carpet,13,0.42
80,left_on_carpet,14,0.45
80,left_on_carpet,15,0.47
80,left_on_carpet,16,0.47
80,left_on_carpet,17,0.42
80,left_on_carpet,18,0.45
80,left_on_carpet,19,0.45
80,left_on_carpet,20,0.45
80,left_on_carpet,21,0.42
80,left_on_carpet,22,0.47
80,left_on_carpet,23,0.45
80,left_on_carpet,24,0.47
80,left_on_carpet,25,0.42
80,left_on_carpet,26,0.45
80,left_on_carpet,27,0.45
80,left_on_carpet,28,0.47
80,left_on_carpet,29,0.39
80,left_on_carpet,30,0.47
80,left_on_carpet,31,0.45
80,left_on_carpet,32,0.39
80,left_on_carpet,33,0.47
80,left_on_carpet,34,0.45
80,left_on_carpet,35,0.47
80,left_on_carpet,36,0.39
80,left_on_carpet,37,0.47
80,left_on_carpet,38,0.45
80,left_on_carpet,39,0.45
80,left_on_carpet,40,0.42
80,left_on_carpet,41,0.45
80,left_on_carpet,42,0.45
80,left_on_carpet,43,0.45
80,left_on_carpet,44,0.42
90,left_on_carpet,0,0.47
90,left_on_carpet,1,0.47
90,left_on_carpet,2,0.5
90,left_on_carpet,3,0.53
90,left_on_carpet,4,0.53
90,left_on_carpet,5,0.47
90,left_on_carpet,6,0.53
90,left_on_carpet,7,0.5
90,left_on_carpet,8,0.53
90,left_on_carpet,9,0.47
90,left_on_carpet,10,0.53
90,left_on_carpet,11,0.53
90,left_on_carpet,12,0.53
90,left_on_carpet,13,0.47
90,left_on_carpet,14,0.53
90,left_on_carpet,15,0.53
90,left_on_carpet,16,0.53
90,left_on_carpet,17,0.47
90,left_on_carpet,18,0.53
90,left_on_carpet,19,0.55
90,left_on_carpet,20,0.53
90,left_on_carpet,21,0.47
90,left_on_carpet,22,0.53
90,left_on_carpet,23,0.5
90,left_on_carpet,24,0.48
90,left_on_carpet,25,0.55
90,left_on_carpet,26,0.53
90,left_on_carpet,27,0.53
90,left_on_carpet,28,0.47
90,left_on_carpet,29,0.53
90,left_on_carpet,30,0.47
90,left_on_carpet,31,0.47
90,left_on_carpet,32,0.42
90,left_on_carpet,33,0.45
90,left_on_carpet,34,0.45
90,left_on_carpet,35,0.45
90,left_on_carpet,36,0.39
90,left_on_carpet,37,0.42
90,left_on_carpet,38,0.42
90,left_on_carpet,39,0.39
90,left_on_carpet,40,0.37
90,left_on_carpet,41,0.42
90,left_on_carpet,42,0.39
90,left_on_carpet,43,0.39
90,left_on_carpet,44,0.37
100,left_on_carpet,0,0.42
100,left_on_carpet,1,0.39
100,left_on_carpet,2,0.42
100,left_on_carpet,3,0.42
100,left_on_carpet,4,0.42
100,left_on_carpet,5,0.39
100,left_on_carpet,6,0.45
100,left_on_carpet,7,0.45
100,left_on_carpet,8,0.45
100,left_on_carpet,9,0.39
100,left_on_carpet,10,0.42
100,left_on_carpet,11,0.45
100,left_on_carpet,12,0.42
100,left_on_carpet,13,0.39
100,left_on_carpet,14,0.45
100,left_on_carpet,15,0.45
100,left_on_carpet,16,0.41
100,left_on_carpet,17,0.45
100,left_on_carpet,18,0.42
100,left_on_carpet,19,0.45
100,left_on_carpet,20,0.39
100,left_on_carpet,21,0.42
100,left_on_carpet,22,0.45
100,left_on_carpet,23,0.45
100,left_on_carpet,24,0.39
100,left_on_carpet,25,0.45
100,left_on_carpet,26,0.45
100,left_on_carpet,27,0.42
100,left_on_carpet,28,0.42
100,left_on_carpet,29,0.42
100,left_on_carpet,30,0.42
100,left_on_carpet,31,0.45
100,left_on_carpet,32,0.39
100,left_on_carpet,33,0.42
100,left_on_carpet,34,0.42
100,left_on_carpet,35,0.45
100,left_on_carpet,36,0.39
100,left_on_carpet,37,0.45
100,left_on_carpet,38,0.42
100,left_on_carpet,39,0.45
100,left_on_carpet,40,0.37
100,left_on_carpet,41,0.45
100,left_on_carpet,42,0.45
100,left_on_carpet,43,0.42
100,left_on_carpet,44,0.39
110,left_on_carpet,0,0.42
110,left_on_carpet,1,0.42
110,left_on_carpet,2,0.45
110,left_on_carpet,3,0.45
110,left_on_carpet,4,0.47
110,left_on_carpet,5,0.42
110,left_on_carpet,6,0.47
110,left_on_carpet,7,0.45
110,left_on_carpet,8,0.43
110,left_on_carpet,9,0.45
110,left_on_carpet,10,0.47
110,left_on_carpet,11,0.45
110,left_on_carpet,12,0.39
110,left_on_carpet,13,0.47
110,left_on_carpet,14,0.47
110,left_on_carpet,15,0.47
110,left_on_carpet,16,0.42
110,left_on_carpet,17,0.47
110,left_on_carpet,18,0.45
110,left_on_carpet,19,0.47
110,left_on_carpet,20,0.42
110,left_on_carpet,21,0.45
110,left_on_carpet,22,0.47
110,left_on_carpet,23,0.47
110,left_on_carpet,24,0.42
110,left_on_carpet,25,0.45
110,left_on_carpet,26,0.47
110,left_on_carpet,27,0.47
110,left_on_carpet,28,0.42
110,left_on_carpet,29,0.47
110,left_on_carpet,30,0.45
110,left_on_carpet,31,0.45
110,left_on_carpet,32,0.42
110,left_on_carpet,33,0.45
110,left_on_carpet,34,0.47
110,left_on_carpet,35,0.45
110,left_on_carpet,36,0.42
110,left_on_carpet,37,0.45
110,left_on_carpet,38,0.45
110,left_on_carpet,39,0.43
110,left_on_carpet,40,0.45
110,left_on_carpet,41,0.45
110,left_on_carpet,42,0.45
110,left_on_carpet,43,0.42
110,left_on_carpet,44,0.45
120,left_on_carpet,0,0.41
120,left_on_carpet,1,0.47
120,left_on_carpet,2,0.47
120,left_on_carpet,3,0.5
120,left_on_carpet,4,0.45
120,left_on_carpet,5,0.47
120,left_on_carpet,6,0.5
120,left_on_carpet,7,0.47
120,left_on_carpet,8,0.45
120,left_on_carpet,9,0.47
120,left_on_carpet,10,0.47
120,left_on_carpet,11,0.47
120,left_on_carpet,12,0.45
120,left_on_carpet,13,0.5
120,left_on_carpet,14,0.47
120,left_on_carpet,15,0.5
120,left_on_carpet,16,0.45
120,left_on_carpet,17,0.47
120,left_on_carpet,18,0.47
120,left_on_carpet,19,0.5
120,left_on_carpet,20,0.45
120,left_on_carpet,21,0.5
120,left_on_carpet,22,0.47
120,left_on_carpet,23,0.5
120,left_on_carpet,24,0.45
120,left_on_carpet,25,0.47
120,left_on_carpet,26,0.47
120,left_on_carpet,27,0.5
120,left_on_carpet,28,0.45
120,left_on_carpet,29,0.47
120,left_on_carpet,30,0.47
120,left_on_carpet,31,0.43
120,left_on_carpet,32,0.47
120,left_on_carpet,33,0.5
120,left_on_carpet,34,0.47
120,left_on_carpet,35,0.45
120,left_on_carpet,36,0.47
120,left_on_carpet,37,0.5
120,left_on_carpet,38,0.47
120,left_on_carpet,39,0.42
120,left_on_carpet,40,0.5
120,left_on_carpet,41,0.47
120,left_on_carpet,42,0.47
120,left_on_carpet,43,0.45
120,left_on_carpet,44,0.47
130,left_on_carpet,0,0.45
130,left_on_carpet,1,0.5
130,left_on_carpet,2,0.5
130,left_on_carpet,3,0.53
130,left_on_carpet,4,0.47
130,left_on_carpet,5,0.5
130,left_on_carpet,6,0.53
130,left_on_carpet,7,0.53
130,left_on_carpet,8,0.47
130,left_on_carpet,9,0.53
130,left_on_carpet,10,0.5
130,left_on_carpet,11,0.53
130,left_on_carpet,12,0.45
130,left_on_carpet,13,0.53
130,left_on_carpet,14,0.53
130,left_on_carpet,15,0.53
130,left_on_carpet,16,0.47
130,left_on_carpet,17,0.53
130,left_on_carpet,18,0.5
130,left_on_carpet,19,0.53
130,left_on_carpet,20,0.47
130,left_on_carpet,21,0.5
130,left_on_carpet,22,0.53
130,left_on_carpet,23,0.5
130,left_on_carpet,24,0.5
130,left_on_carpet,25,0.5
130,left_on_carpet,26,0.53
130,left_on_carpet,27,0.47
130,left_on_carpet,28,0.5
130,left_on_carpet,29,0.5
130,left_on_carpet,30,0.53
130,left_on_carpet,31,0.47
130,left_on_carpet,32,0.5
130,left_on_carpet,33,0.53
130,left_on_carpet,34,0.5
130,left_on_carpet,35,0.47
130,left_on_carpet,36,0.53
130,left_on_carpet,37,0.5
130,left_on_carpet,38,0.53
130,left_on_carpet,39,0.47
130,left_on_carpet,40,0.5
130,left_on_carpet,41,0.53
130,left_on_carpet,42,0.5
130,left_on_carpet,43,0.47
130,left_on_carpet,44,0.5
140,left_on_carpet,0,0.45
140,left_on_carpet,1,0.58
140,left_on_carpet,2,0.55
140,left_on_carpet,3,0.55
140,left_on_carpet,4,0.5
140,left_on_carpet,5,0.55
140,left_on_carpet,6,0.55
140,left_on_carpet,7,0.55
140,left_on_carpet,8,0.5
140,left_on_carpet,9,0.55
140,left_on_carpet,10,0.55
140,left_on_carpet,11,0.55
140,left_on_carpet,12,0.5
140,left_on_carpet,13,0.58
140,left_on_carpet,14,0.55
140,left_on_carpet,15,0.55
140,left_on_carpet,16,0.5
140,left_on_carpet,17,0.55
140,left_on_carpet,18,0.58
140,left_on_carpet,19,0.5
140,left_on_carpet,20,0.55
140,left_on_carpet,21,0.55
140,left_on_carpet,22,0.58
140,left_on_carpet,23,0.5
140,left_on_carpet,24,0.55
140,left_on_carpet,25,0.55
140,left_on_carpet,26,0.55
140,left_on_carpet,27,0.53
140,left_on_carpet,28,0.55
140,left_on_carpet,29,0.53
140,left_on_carpet,30,0.55
140,left_on_carpet,31,0.5
140,left_on_carpet,32,0.55
140,left_on_carpet,33,0.55
140,left_on_carpet,34,0.55
140,left_on_carpet,35,0.53
140,left_on_carpet,36,0.53
140,left_on_carpet,37,0.55
140,left_on_carpet,38,0.55
140,left_on_carpet,39,0.5
140,left_on_carpet,40,0.55
140,left_on_carpet,41,0.55
140,left_on_carpet,42,0.55
140,left_on_carpet,43,0.47
140,left_on_carpet,44,0.55
150,left_on_carpet,0,0.5
150,left_on_carpet,1,0.58
150,left_on_carpet,2,0.55
150,left_on_carpet,3,0.58
150,left_on_carpet,4,0.53
150,left_on_carpet,5,0.58
150,left_on_carpet,6,0.58
150,left_on_carpet,7,0.58
150,left_on_carpet,8,0.53
150,left_on_carpet,9,0.58
150,left_on_carpet,10,0.6
150,left_on_carpet,11,0.53
150,left_on_carpet,12,0.58
150,left_on_carpet,13,0.58
150,left_on_carpet,14,0.58
150,left_on_carpet,15,0.53
150,left_on_carpet,16,0.58
150,left_on_carpet,17,0.58
150,left_on_carpet,18,0.58
150,left_on_carpet,19,0.53
150,left_on_carpet,20,0.58
150,left_on_carpet,21,0.58
150,left_on_carpet,22,0.6
150,left_on_carpet,23,0.53
150,left_on_carpet,24,0.58
150,left_on_carpet,25,0.58
150,left_on_carpet,26,0.58
150,left_on_carpet,27,0.53
150,left_on_carpet,28,0.55
150,left_on_carpet,29,0.6
150,left_on_carpet,30,0.58
150,left_on_carpet,31,0.53
150,left_on_carpet,32,0.58
150,left_on_carpet,33,0.58
150,left_on_carpet,34,0.58
150,left_on_carpet,35,0.55
150,left_on_carpet,36,0.58
150,left_on_carpet,37,0.58
150,left_on_carpet,38,0.58
150,left_on_carpet,39,0.53
150,left_on_carpet,40,0.55
150,left_on_carpet,41,0.6
150,left_on_carpet,42,0.53
150,left_on_carpet,43,0.58
150,left_on_carpet,44,0.58
160,left_on_carpet,0,0.5
160,left_on_carpet,1,0.58
160,left_on_carpet,2,0.58
160,left_on_carpet,3,0.53
160,left_on_carpet,4,0.58
160,left_on_carpet,5,0.55
160,left_on_carpet,6,0.58
160,left_on_carpet,7,0.53
160,left_on_carpet,8,0.6
160,left_on_carpet,9,0.58
160,left_on_carpet,10,0.58
160,left_on_carpet,11,0.55
160,left_on_carpet,12,0.58
160,left_on_carpet,13,0.58
160,left_on_carpet,14,0.58
160,left_on_carpet,15,0.53
160,left_on_carpet,16,0.58
160,left_on_carpet,17,0.58
160,left_on_carpet,18,0.58
160,left_on_carpet,19,0.53
160,left_on_carpet,20,0.58
160,left_on_carpet,21,0.58
160,left_on_carpet,22,0.58
160,left_on_carpet,23,0.53
160,left_on_carpet,24,0.58
160,left_on_carpet,25,0.6
160,left_on_carpet,26,0.58
160,left_on_carpet,27,0.53
160,left_on_carpet,28,0.58
160,left_on_carpet,29,0.58
160,left_on_carpet,30,0.58
160,left_on_carpet,31,0.53
160,left_on_carpet,32,0.58
160,left_on_carpet,33,0.58
160,left_on_carpet,34,0.53
160,left_on_carpet,35,0.6
160,left_on_carpet,36,0.58
160,left_on_carpet,37,0.55
160,left_on_carpet,38,0.53
160,left_on_carpet,39,0.58
160,left_on_carpet,40,0.6
160,left_on_carpet,41,0.58
160,left_on_carpet,42,0.53
160,left_on_carpet,43,0.58
160,left_on_carpet,44,0.58
170,left_on_carpet,0,0.53
170,left_on_carpet,1,0.58
170,left_on_carpet,2,0.58
170,left_on_carpet,3,0.55
170,left_on_carpet,4,0.58
170,left_on_carpet,5,0.58
170,left_on_carpet,6,0.58
170,left_on_carpet,7,0.53
170,left_on_carpet,8,0.58
170,left_on_carpet,9,0.58
170,left_on_carpet,10,0.58
170,left_on_carpet,11,0.53
170,left_on_carpet,12,0.58
170,left_on_carpet,13,0.6
170,left_on_carpet,14,0.58
170,left_on_carpet,15,0.53
170,left_on_carpet,16,0.58
170,left_on_carpet,17,0.58
170,left_on_carpet,18,0.55
170,left_on_carpet,19,0.55
170,left_on_carpet,20,0.58
170,left_on_carpet,21,0.6
170,left_on_carpet,22,0.53
170,left_on_carpet,23,0.58
170,left_on_carpet,24,0.58
170,left_on_carpet,25,0.55
170,left_on_carpet,26,0.53
170,left_on_carpet,27,0.6
170,left_on_carpet,28,0.58
170,left_on_carpet,29,0.58
170,left_on_carpet,30,0.53
170,left_on_carpet,31,0.58
170,left_on_carpet,32,0.58
170,left_on_carpet,33,0.58
170,left_on_carpet,34,0.53
170,left_on_carpet,35,0.58
170,left_on_carpet,36,0.6
170,left_on_carpet,37,0.58
170,left_on_carpet,38,0.53
170,left_on_carpet,39,0.58
170,left_on_carpet,40,0.58
170,left_on_carpet,41,0.58
170,left_on_carpet,42,0.53
170,left_on_carpet,43,0.58
170,left_on_carpet,44,0.58
180,left_on_carpet,0,0.58
180,left_on_carpet,1,0.63
180,left_on_carpet,2,0.63
180,left_on_carpet,3,0.58
180,left_on_carpet,4,0.63
180,left_on_carpet,5,0.63
180,left_on_carpet,6,0.66
180,left_on_carpet,7,0.58
180,left_on_carpet,8,0.63
180,left_on_carpet,9,0.66
180,left_on_carpet,10,0.58
180,left_on_carpet,11,0.66
180,left_on_carpet,12,0.63
180,left_on_carpet,13,0.66
180,left_on_carpet,14,0.6
180,left_on_carpet,15,0.63
180,left_on_carpet,16,0.66
180,left_on_carpet,17,0.63
180,left_on_carpet,18,0.6
180,left_on_carpet,19,0.63
180,left_on_carpet,20,0.66
180,left_on_carpet,21,0.63
180,left_on_carpet,22,0.6
180,left_on_carpet,23,0.63
180,left_on_carpet,24,0.66
180,left_on_carpet,25,0.66
180,left_on_carpet,26,0.58
180,left_on_carpet,27,0.63
180,left_on_carpet,28,0.66
180,left_on_carpet,29,0.63
180,left_on_carpet,30,0.6
180,left_on_carpet,31,0.63
180,left_on_carpet,32,0.66
180,left_on_carpet,33,0.66
180,left_on_carpet,34,0.58
180,left_on_carpet,35,0.63
180,left_on_carpet,36,0.66
180,left_on_carpet,37,0.66
180,left_on_carpet,38,0.58
180,left_on_carpet,39,0.66
180,left_on_carpet,40,0.63
180,left_on_carpet,41,0.58
180,left_on_carpet,42,0.66
180,left_on_carpet,43,0.63
180,left_on_carpet,44,0.66
190,left_on_carpet,0,0.66
190,left_on_carpet,1,0.68
190,left_on_carpet,2,0.63
190,left_on_carpet,3,0.66
190,left_on_carpet,4,0.68
190,left_on_carpet,5,0.71
190,left_on_carpet,6,0.63
190,left_on_carpet,7,0.68
190,left_on_carpet,8,0.68
190,left_on_carpet,9,0.68
190,left_on_carpet,10,0.63
190,left_on_carpet,11,0.68
190,left_on_carpet,12,0.68
190,left_on_carpet,13,0.71
190,left_on_carpet,14,0.63
190,left_on_carpet,15,0.68
190,left_on_carpet,16,0.68
190,left_on_carpet,17,0.68
190,left_on_carpet,18,0.63
190,left_on_carpet,19,0.71
190,left_on_carpet,20,0.68
190,left_on_carpet,21,0.68
190,left_on_carpet,22,0.63
190,left_on_carpet,23,0.68
190,left_on_carpet,24,0.68
190,left_on_carpet,25,0.71
190,left_on_carpet,26,0.63
190,left_on_carpet,27,0.68
190,left_on_carpet,28,0.68
190,left_on_carpet,29,0.68
190,left_on_carpet,30,0.63
190,left_on_carpet,31,0.71
190,left_on_carpet,32,0.68
190,left_on_carpet,33,0.63
190,left_on_carpet,34,0.71
190,left_on_carpet,35,0.68
190,left_on_carpet,36,0.71
190,left_on_carpet,37,0.63
190,left_on_carpet,38,0.71
190,left_on_carpet,39,0.68
190,left_on_carpet,40,0.71
190,left_on_carpet,41,0.63
190,left_on_carpet,42,0.71
190,left_on_carpet,43,0.68
190,left_on_carpet,44,0.68
200,left_on_carpet,0,0.71
200,left_on_carpet,1,0.71
200,left_on_carpet,2,0.66
200,left_on_carpet,3,0.74
200,left_on_carpet,4,0.76
200,left_on_carpet,5,0.74
200,left_on_carpet,6,0.68
200,left_on_carpet,7,0.74
200,left_on_carpet,8,0.74
200,left_on_carpet,9,0.74
200,left_on_carpet,10,0.68
200,left_on_carpet,11,0.74
200,left_on_carpet,12,0.74
200,left_on_carpet,13,0.74
200,left_on_carpet,14,0.68
200,left_on_carpet,15,0.76
200,left_on_carpet,16,0.74
200,left_on_carpet,17,0.76
200,left_on_carpet,18,0.68
200,left_on_carpet,19,0.76
200,left_on_carpet,20,0.76
200,left_on_carpet,21,0.7
200,left_on_carpet,22,0.76
200,left_on_carpet,23,0.76
200,left_on_carpet,24,0.76
200,left_on_carpet,25,0.66
200,left_on_carpet,26,0.74
200,left_on_carpet,27,0.74
200,left_on_carpet,28,0.74
200,left_on_carpet,29,0.68
200,left_on_carpet,30,0.74
200,left_on_carpet,31,0.74
200,left_on_carpet,32,0.76
200,left_on_carpet,33,0.66
200,left_on_carpet,34,0.76
200,left_on_carpet,35,0.74
200,left_on_carpet,36,0.76
200,left_on_carpet,37,0.68
200,left_on_carpet,38,0.74
200,left_on_carpet,39,0.74
200,left_on_carpet,40,0.74
200,left_on_carpet,41,0.68
200,left_on_carpet,42,0.76
200,left_on_carpet,43,0.74
200,left_on_carpet,44,0.74
210,left_on_carpet,0,0.76
210,left_on_carpet,1,0.79
210,left_on_carpet,2,0.74
210,left_on_carpet,3,0.82
210,left_on_carpet,4,0.79
210,left_on_carpet,5,0.79
210,left_on_carpet,6,0.74
210,left_on_carpet,7,0.79
210,left_on_carpet,8,0.79
210,left_on_carpet,9,0.79
210,left_on_carpet,10,0.74
210,left_on_carpet,11,0.79
210,left_on_carpet,12,0.82
210,left_on_carpet,13,0.72
210,left_on_carpet,14,0.82
210,left_on_carpet,15,0.79
210,left_on_carpet,16,0.82
210,left_on_carpet,17,0.74
210,left_on_carpet,18,0.79
210,left_on_carpet,19,0.82
210,left_on_carpet,20,0.79
210,left_on_carpet,21,0.74
210,left_on_carpet,22,0.79
210,left_on_carpet,23,0.82
210,left_on_carpet,24,0.79
210,left_on_carpet,25,0.74
210,left_on_carpet,26,0.82
210,left_on_carpet,27,0.79
210,left_on_carpet,28,0.82
210,left_on_carpet,29,0.74
210,left_on_carpet,30,0.82
210,left_on_carpet,31,0.82
210,left_on_carpet,32,0.82
210,left_on_carpet,33,0.76
210,left_on_carpet,34,0.82
210,left_on_carpet,35,0.82
210,left_on_carpet,36,0.82
210,left_on_carpet,37,0.74
210,left_on_carpet,38,0.79
210,left_on_carpet,39,0.82
210,left_on_carpet,40,0.82
210,left_on_carpet,41,0.74
210,left_on_carpet,42,0.79
210,left_on_carpet,43,0.82
210,left_on_carpet,44,0.71
220,left_on_carpet,0,0.79
220,left_on_carpet,1,0.87
220,left_on_carpet,2,0.79
220,left_on_carpet,3,0.84
220,left_on_carpet,4,0.84
220,left_on_carpet,5,0.8
220,left_on_carpet,6,0.87
220,left_on_carpet,7,0.87
220,left_on_carpet,8,0.89
220,left_on_carpet,9,0.82
220,left_on_carpet,10,0.89
220,left_on_carpet,11,0.89
220,left_on_carpet,12,0.89
220,left_on_carpet,13,0.82
220,left_on_carpet,14,0.87
220,left_on_carpet,15,0.89
220,left_on_carpet,16,0.87
220,left_on_carpet,17,0.82
220,left_on_carpet,18,0.89
220,left_on_carpet,19,0.87
220,left_on_carpet,20,0.89
220,left_on_carpet,21,0.82
220,left_on_carpet,22,0.89
220,left_on_carpet,23,0.92
220,left_on_carpet,24,0.92
220,left_on_carpet,25,0.82
220,left_on_carpet,26,0.95
220,left_on_carpet,27,0.92
220,left_on_carpet,28,0.95
220,left_on_carpet,29,0.84
220,left_on_carpet,30,0.92
220,left_on_carpet,31,0.95
220,left_on_carpet,32,0.95
220,left_on_carpet,33,0.87
220,left_on_carpet,34,0.92
220,left_on_carpet,35,0.95
220,left_on_carpet,36,0.87
220,left_on_carpet,37,0.95
220,left_on_carpet,38,0.97
220,left_on_carpet,39,0.97
220,left_on_carpet,40,0.89
220,left_on_carpet,41,0.97
220,left_on_carpet,42,0.97
220,left_on_carpet,43,0.97
220,left_on_carpet,44,0.87
230,left_on_carpet,0,0.97
230,left_on_carpet,1,0.92
230,left_on_carpet,2,1.05
230,left_on_carpet,3,1.03
230,left_on_carpet,4,1
230,left_on_carpet,5,0.95
230,left_on_carpet,6,1.03
230,left_on_carpet,7,1.05
230,left_on_carpet,8,1.03
230,left_on_carpet,9,0.95
230,left_on_carpet,10,1.08
230,left_on_carpet,11,1.05
230,left_on_carpet,12,1.05
230,left_on_carpet,13,0.97
230,left_on_carpet,14,1.05
230,left_on_carpet,15,1.08
230,left_on_carpet,16,1.05
230,left_on_carpet,17,0.95
230,left_on_carpet,18,1.05
230,left_on_carpet,19,1.05
230,left_on_carpet,20,1.03
230,left_on_carpet,21,0.97
230,left_on_carpet,22,1.05
230,left_on_carpet,23,1.08
230,left_on_carpet,24,1.05
230,left_on_carpet,25,0.97
230,left_on_carpet,26,1.08
230,left_on_carpet,27,1.05
230,left_on_carpet,28,0.99
230,left_on_carpet,29,1.05
230,left_on_carpet,30,1.05
230,left_on_carpet,31,1.05
230,left_on_carpet,32,0.95
230,left_on_carpet,33,1.05
230,left_on_carpet,34,1.05
230,left_on_carpet,35,1.05
230,left_on_carpet,36,0.97
230,left_on_carpet,37,1.05
230,left_on_carpet,38,1.08
230,left_on_carpet,39,1.08
230,left_on_carpet,40,0.97
230,left_on_carpet,41,1.05
230,left_on_carpet,42,1.05
230,left_on_carpet,43,1.05
230,left_on_carpet,44,0.97
240,left_on_carpet,0,1.05
240,left_on_carpet,1,1
240,left_on_carpet,2,1.1
240,left_on_carpet,3,1.13
240,left_on_carpet,4,1.1
240,left_on_carpet,5,1.03
240,left_on_carpet,6,1.13
240,left_on_carpet,7,1.16
240,left_on_carpet,8,1.16
240,left_on_carpet,9,1.05
240,left_on_carpet,10,1.16
240,left_on_carpet,11,1.16
240,left_on_carpet,12,1.13
240,left_on_carpet,13,1.03
240,left_on_carpet,14,1.13
240,left_on_carpet,15,1.16
240,left_on_carpet,16,1.13
240,left_on_carpet,17,1.03
240,left_on_carpet,18,1.16
240,left_on_carpet,19,1.18
240,left_on_carpet,20,1.09
240,left_on_carpet,21,1.18
240,left_on_carpet,22,1.18
240,left_on_carpet,23,1.16
240,left_on_carpet,24,1.08
240,left_on_carpet,25,1.13
240,left_on_carpet,26,1.16
240,left_on_carpet,27,1.16
240,left_on_carpet,28,1.05
240,left_on_carpet,29,1.16
240,left_on_carpet,30,1.16
240,left_on_carpet,31,1.18
240,left_on_carpet,32,1.05
240,left_on_carpet,33,1.18
240,left_on_carpet,34,1.21
240,left_on_carpet,35,1.16
240,left_on_carpet,36,1.08
240,left_on_carpet,37,1.16
240,left_on_carpet,38,1.16
240,left_on_carpet,39,1.16
240,left_on_carpet,40,1.08
240,left_on_carpet,41,1.18
240,left_on_carpet,42,1.21
240,left_on_carpet,43,1.21
240,left_on_carpet,44,1.13
